date, value
11/4/19,2.41
10/4/19,2.41
9/4/19,2.41
8/4/19,2.41
5/4/19,2.41
4/4/19,2.41
3/4/19,2.41
2/4/19,2.41
1/4/19,2.41
29/3/19,2.43
28/3/19,2.41
27/3/19,2.41
26/3/19,2.4
25/3/19,2.4
22/3/19,2.41
21/3/19,2.41
20/3/19,2.41
19/3/19,2.4
18/3/19,2.4
15/3/19,2.4
14/3/19,2.4
13/3/19,2.4
12/3/19,2.4
11/3/19,2.4
8/3/19,2.4
7/3/19,2.4
6/3/19,2.4
5/3/19,2.4
4/3/19,2.4
1/3/19,2.4
28/2/19,2.4
27/2/19,2.4
26/2/19,2.4
25/2/19,2.4
22/2/19,2.4
21/2/19,2.4
20/2/19,2.4
19/2/19,2.4
15/2/19,2.4
14/2/19,2.4
13/2/19,2.4
12/2/19,2.4
11/2/19,2.4
8/2/19,2.4
7/2/19,2.4
6/2/19,2.4
5/2/19,2.4
4/2/19,2.4
1/2/19,2.4
31/1/19,2.4
30/1/19,2.4
29/1/19,2.4
28/1/19,2.4
25/1/19,2.4
24/1/19,2.4
23/1/19,2.4
22/1/19,2.4
18/1/19,2.4
17/1/19,2.4
16/1/19,2.4
15/1/19,2.4
14/1/19,2.4
11/1/19,2.4
10/1/19,2.4
9/1/19,2.4
8/1/19,2.4
7/1/19,2.4
4/1/19,2.4
3/1/19,2.4
2/1/19,2.4
31/12/18,2.4
28/12/18,2.4
27/12/18,2.4
26/12/18,2.4
24/12/18,2.4
21/12/18,2.4
20/12/18,2.4
19/12/18,2.2
18/12/18,2.2
17/12/18,2.2
14/12/18,2.19
13/12/18,2.19
12/12/18,2.19
11/12/18,2.19
10/12/18,2.2
7/12/18,2.19
6/12/18,2.2
5/12/18,2.2
4/12/18,2.2
3/12/18,2.19
30/11/18,2.2
29/11/18,2.2
28/11/18,2.2
27/11/18,2.2
26/11/18,2.2
23/11/18,2.2
21/11/18,2.2
20/11/18,2.2
19/11/18,2.2
16/11/18,2.2
15/11/18,2.2
14/11/18,2.2
13/11/18,2.2
9/11/18,2.19
8/11/18,2.2
7/11/18,2.2
6/11/18,2.2
5/11/18,2.2
2/11/18,2.19
1/11/18,2.2
31/10/18,2.2
30/10/18,2.2
29/10/18,2.2
26/10/18,2.2
25/10/18,2.2
24/10/18,2.2
23/10/18,2.2
22/10/18,2.19
19/10/18,2.19
18/10/18,2.19
17/10/18,2.19
16/10/18,2.18
15/10/18,2.18
12/10/18,2.18
11/10/18,2.18
10/10/18,2.18
9/10/18,2.18
5/10/18,2.18
4/10/18,2.18
3/10/18,2.18
2/10/18,2.18
1/10/18,2.18
28/9/18,2.18
27/9/18,2.18
26/9/18,1.93
25/9/18,1.93
24/9/18,1.93
21/9/18,1.92
20/9/18,1.92
19/9/18,1.92
18/9/18,1.92
17/9/18,1.92
14/9/18,1.92
13/9/18,1.92
12/9/18,1.92
11/9/18,1.92
10/9/18,1.92
7/9/18,1.92
6/9/18,1.92
5/9/18,1.92
4/9/18,1.92
31/8/18,1.91
30/8/18,1.92
29/8/18,1.92
28/8/18,1.92
27/8/18,1.92
24/8/18,1.92
23/8/18,1.92
22/8/18,1.92
21/8/18,1.92
20/8/18,1.92
17/8/18,1.92
16/8/18,1.92
15/8/18,1.91
14/8/18,1.91
13/8/18,1.91
10/8/18,1.91
9/8/18,1.91
8/8/18,1.91
7/8/18,1.91
6/8/18,1.91
3/8/18,1.91
2/8/18,1.91
1/8/18,1.91
31/7/18,1.91
30/7/18,1.91
27/7/18,1.91
26/7/18,1.91
25/7/18,1.91
24/7/18,1.91
23/7/18,1.91
20/7/18,1.91
19/7/18,1.91
18/7/18,1.91
17/7/18,1.91
16/7/18,1.91
13/7/18,1.91
12/7/18,1.91
11/7/18,1.91
10/7/18,1.91
9/7/18,1.91
6/7/18,1.91
5/7/18,1.91
3/7/18,1.91
2/7/18,1.91
29/6/18,1.91
28/6/18,1.91
27/6/18,1.91
26/6/18,1.92
25/6/18,1.92
22/6/18,1.92
21/6/18,1.92
20/6/18,1.92
19/6/18,1.91
18/6/18,1.9
15/6/18,1.9
14/6/18,1.9
13/6/18,1.7
12/6/18,1.7
11/6/18,1.7
10/6/18,1.7
9/6/18,1.7
8/6/18,1.7
7/6/18,1.7
6/6/18,1.7
5/6/18,1.7
4/6/18,1.7
3/6/18,1.7
2/6/18,1.7
1/6/18,1.7
31/5/18,1.7
30/5/18,1.7
29/5/18,1.7
27/5/18,1.7
26/5/18,1.7
25/5/18,1.7
24/5/18,1.7
23/5/18,1.7
22/5/18,1.7
21/5/18,1.7
20/5/18,1.7
19/5/18,1.7
18/5/18,1.7
17/5/18,1.7
16/5/18,1.7
15/5/18,1.7
14/5/18,1.7
13/5/18,1.7
12/5/18,1.7
11/5/18,1.7
10/5/18,1.7
9/5/18,1.7
8/5/18,1.7
7/5/18,1.7
6/5/18,1.7
5/5/18,1.7
4/5/18,1.7
3/5/18,1.7
2/5/18,1.7
1/5/18,1.7
30/4/18,1.69
29/4/18,1.7
28/4/18,1.7
27/4/18,1.7
26/4/18,1.7
25/4/18,1.7
24/4/18,1.7
23/4/18,1.7
22/4/18,1.7
21/4/18,1.7
20/4/18,1.7
19/4/18,1.69
18/4/18,1.69
17/4/18,1.69
16/4/18,1.69
15/4/18,1.69
14/4/18,1.69
13/4/18,1.69
12/4/18,1.69
11/4/18,1.69
10/4/18,1.69
9/4/18,1.69
8/4/18,1.69
7/4/18,1.69
6/4/18,1.69
5/4/18,1.69
4/4/18,1.69
3/4/18,1.69
2/4/18,1.68
1/4/18,1.67
31/3/18,1.67
30/3/18,1.67
29/3/18,1.68
28/3/18,1.68
27/3/18,1.68
26/3/18,1.68
25/3/18,1.68
24/3/18,1.68
23/3/18,1.68
22/3/18,1.68
21/3/18,1.44
20/3/18,1.44
19/3/18,1.43
18/3/18,1.43
17/3/18,1.43
16/3/18,1.43
15/3/18,1.43
14/3/18,1.42
13/3/18,1.42
12/3/18,1.42
11/3/18,1.42
10/3/18,1.42
9/3/18,1.42
8/3/18,1.42
7/3/18,1.42
6/3/18,1.42
5/3/18,1.42
4/3/18,1.42
3/3/18,1.42
2/3/18,1.42
1/3/18,1.42
28/2/18,1.35
27/2/18,1.42
26/2/18,1.42
25/2/18,1.42
24/2/18,1.42
23/2/18,1.42
22/2/18,1.42
21/2/18,1.42
20/2/18,1.42
18/2/18,1.42
17/2/18,1.42
16/2/18,1.42
15/2/18,1.42
14/2/18,1.42
13/2/18,1.42
12/2/18,1.42
11/2/18,1.42
10/2/18,1.42
9/2/18,1.42
8/2/18,1.42
7/2/18,1.42
6/2/18,1.42
5/2/18,1.42
4/2/18,1.42
3/2/18,1.42
2/2/18,1.42
1/2/18,1.42
31/1/18,1.34
30/1/18,1.42
29/1/18,1.42
28/1/18,1.42
27/1/18,1.42
26/1/18,1.42
25/1/18,1.42
24/1/18,1.42
23/1/18,1.42
22/1/18,1.42
21/1/18,1.42
20/1/18,1.42
19/1/18,1.42
18/1/18,1.42
17/1/18,1.42
16/1/18,1.42
14/1/18,1.42
13/1/18,1.42
12/1/18,1.42
11/1/18,1.42
10/1/18,1.42
9/1/18,1.42
8/1/18,1.42
7/1/18,1.42
6/1/18,1.42
5/1/18,1.42
4/1/18,1.42
3/1/18,1.42
2/1/18,1.42
31/12/17,1.33
30/12/17,1.33
29/12/17,1.33
28/12/17,1.42
27/12/17,1.42
26/12/17,1.42
24/12/17,1.42
23/12/17,1.42
22/12/17,1.42
21/12/17,1.42
20/12/17,1.42
19/12/17,1.42
18/12/17,1.42
17/12/17,1.41
16/12/17,1.41
15/12/17,1.41
14/12/17,1.41
13/12/17,1.17
12/12/17,1.17
11/12/17,1.16
10/12/17,1.16
9/12/17,1.16
8/12/17,1.16
7/12/17,1.16
6/12/17,1.16
5/12/17,1.16
4/12/17,1.16
3/12/17,1.16
2/12/17,1.16
1/12/17,1.16
30/11/17,1.07
29/11/17,1.16
28/11/17,1.16
27/11/17,1.16
26/11/17,1.16
25/11/17,1.16
24/11/17,1.16
22/11/17,1.16
21/11/17,1.16
20/11/17,1.16
19/11/17,1.16
18/11/17,1.16
17/11/17,1.16
16/11/17,1.16
15/11/17,1.16
14/11/17,1.16
13/11/17,1.16
12/11/17,1.16
11/11/17,1.16
10/11/17,1.16
9/11/17,1.16
8/11/17,1.16
7/11/17,1.16
6/11/17,1.16
5/11/17,1.16
4/11/17,1.16
3/11/17,1.16
2/11/17,1.16
1/11/17,1.16
31/10/17,1.07
30/10/17,1.16
29/10/17,1.16
28/10/17,1.16
27/10/17,1.16
26/10/17,1.16
25/10/17,1.16
24/10/17,1.16
23/10/17,1.16
22/10/17,1.16
21/10/17,1.16
20/10/17,1.16
19/10/17,1.16
18/10/17,1.16
17/10/17,1.16
16/10/17,1.16
15/10/17,1.16
14/10/17,1.16
13/10/17,1.16
12/10/17,1.16
11/10/17,1.16
10/10/17,1.16
9/10/17,1.16
8/10/17,1.16
7/10/17,1.16
6/10/17,1.16
5/10/17,1.16
4/10/17,1.16
3/10/17,1.16
2/10/17,1.16
1/10/17,1.06
30/9/17,1.06
29/9/17,1.06
28/9/17,1.16
27/9/17,1.16
26/9/17,1.16
25/9/17,1.16
24/9/17,1.16
23/9/17,1.16
22/9/17,1.16
21/9/17,1.16
20/9/17,1.16
19/9/17,1.16
18/9/17,1.16
17/9/17,1.16
16/9/17,1.16
15/9/17,1.16
14/9/17,1.16
13/9/17,1.16
12/9/17,1.16
11/9/17,1.16
10/9/17,1.16
9/9/17,1.16
8/9/17,1.16
7/9/17,1.16
6/9/17,1.16
5/9/17,1.16
4/9/17,1.16
3/9/17,1.16
2/9/17,1.16
1/9/17,1.16
31/8/17,1.07
30/8/17,1.16
29/8/17,1.16
28/8/17,1.16
27/8/17,1.16
26/8/17,1.16
25/8/17,1.16
24/8/17,1.16
23/8/17,1.16
22/8/17,1.16
21/8/17,1.16
20/8/17,1.16
19/8/17,1.16
18/8/17,1.16
17/8/17,1.16
16/8/17,1.16
15/8/17,1.16
14/8/17,1.16
13/8/17,1.16
12/8/17,1.16
11/8/17,1.16
10/8/17,1.16
9/8/17,1.16
8/8/17,1.16
7/8/17,1.16
6/8/17,1.16
5/8/17,1.16
4/8/17,1.16
3/8/17,1.16
2/8/17,1.16
1/8/17,1.16
31/7/17,1.07
30/7/17,1.16
29/7/17,1.16
28/7/17,1.16
27/7/17,1.16
26/7/17,1.16
25/7/17,1.16
24/7/17,1.16
23/7/17,1.16
22/7/17,1.16
21/7/17,1.16
20/7/17,1.16
19/7/17,1.16
18/7/17,1.16
17/7/17,1.16
16/7/17,1.16
15/7/17,1.16
14/7/17,1.16
13/7/17,1.16
12/7/17,1.16
11/7/17,1.16
10/7/17,1.16
9/7/17,1.16
8/7/17,1.16
7/7/17,1.16
6/7/17,1.16
5/7/17,1.16
4/7/17,1.16
3/7/17,1.16
2/7/17,1.06
1/7/17,1.06
30/6/17,1.06
29/6/17,1.16
28/6/17,1.16
27/6/17,1.16
26/6/17,1.16
25/6/17,1.16
24/6/17,1.16
23/6/17,1.16
22/6/17,1.16
21/6/17,1.16
20/6/17,1.16
19/6/17,1.16
18/6/17,1.16
17/6/17,1.16
16/6/17,1.16
15/6/17,1.16
14/6/17,0.91
13/6/17,0.91
12/6/17,0.91
11/6/17,0.91
10/6/17,0.91
9/6/17,0.91
8/6/17,0.91
7/6/17,0.91
6/6/17,0.91
5/6/17,0.91
4/6/17,0.91
3/6/17,0.91
2/6/17,0.91
1/6/17,0.91
31/5/17,0.83
30/5/17,0.91
29/5/17,0.91
28/5/17,0.91
27/5/17,0.91
26/5/17,0.91
25/5/17,0.91
24/5/17,0.91
23/5/17,0.91
22/5/17,0.91
21/5/17,0.91
20/5/17,0.91
19/5/17,0.91
18/5/17,0.91
17/5/17,0.91
16/5/17,0.91
15/5/17,0.91
14/5/17,0.91
13/5/17,0.91
12/5/17,0.91
11/5/17,0.91
10/5/17,0.91
9/5/17,0.91
8/5/17,0.91
7/5/17,0.91
6/5/17,0.91
5/5/17,0.91
4/5/17,0.91
3/5/17,0.91
2/5/17,0.91
1/5/17,0.91
30/4/17,0.83
29/4/17,0.83
28/4/17,0.83
27/4/17,0.91
26/4/17,0.91
25/4/17,0.91
24/4/17,0.91
23/4/17,0.91
22/4/17,0.91
21/4/17,0.91
20/4/17,0.91
19/4/17,0.91
18/4/17,0.91
17/4/17,0.91
16/4/17,0.91
15/4/17,0.91
14/4/17,0.91
13/4/17,0.91
12/4/17,0.91
11/4/17,0.91
10/4/17,0.91
9/4/17,0.91
8/4/17,0.91
7/4/17,0.91
6/4/17,0.91
5/4/17,0.91
4/4/17,0.91
3/4/17,0.91
2/4/17,0.82
1/4/17,0.82
31/3/17,0.82
30/3/17,0.91
29/3/17,0.91
28/3/17,0.91
27/3/17,0.91
26/3/17,0.91
25/3/17,0.91
24/3/17,0.91
23/3/17,0.91
22/3/17,0.91
21/3/17,0.91
20/3/17,0.91
19/3/17,0.91
18/3/17,0.91
17/3/17,0.91
16/3/17,0.91
15/3/17,0.66
14/3/17,0.66
13/3/17,0.66
12/3/17,0.66
11/3/17,0.66
10/3/17,0.66
9/3/17,0.66
8/3/17,0.66
7/3/17,0.66
6/3/17,0.66
5/3/17,0.66
4/3/17,0.66
3/3/17,0.66
2/3/17,0.66
1/3/17,0.66
28/2/17,0.57
27/2/17,0.66
26/2/17,0.66
25/2/17,0.66
24/2/17,0.66
23/2/17,0.66
22/2/17,0.66
21/2/17,0.66
20/2/17,0.66
19/2/17,0.66
18/2/17,0.66
17/2/17,0.66
16/2/17,0.66
15/2/17,0.66
14/2/17,0.66
13/2/17,0.66
12/2/17,0.66
11/2/17,0.66
10/2/17,0.66
9/2/17,0.66
8/2/17,0.66
7/2/17,0.66
6/2/17,0.66
5/2/17,0.66
4/2/17,0.66
3/2/17,0.66
2/2/17,0.66
1/2/17,0.66
31/1/17,0.56
30/1/17,0.66
29/1/17,0.66
28/1/17,0.66
27/1/17,0.66
26/1/17,0.66
25/1/17,0.66
24/1/17,0.66
23/1/17,0.66
22/1/17,0.66
21/1/17,0.66
20/1/17,0.66
19/1/17,0.66
18/1/17,0.66
17/1/17,0.66
16/1/17,0.66
15/1/17,0.66
14/1/17,0.66
13/1/17,0.66
12/1/17,0.66
11/1/17,0.66
10/1/17,0.66
9/1/17,0.66
8/1/17,0.66
7/1/17,0.66
6/1/17,0.66
5/1/17,0.66
4/1/17,0.66
3/1/17,0.66
2/1/17,0.55
1/1/17,0.55
31/12/16,0.55
30/12/16,0.55
29/12/16,0.66
28/12/16,0.66
27/12/16,0.66
26/12/16,0.66
25/12/16,0.66
24/12/16,0.66
23/12/16,0.66
22/12/16,0.66
21/12/16,0.66
20/12/16,0.66
19/12/16,0.66
18/12/16,0.66
17/12/16,0.66
16/12/16,0.66
15/12/16,0.66
14/12/16,0.41
13/12/16,0.41
12/12/16,0.41
11/12/16,0.41
10/12/16,0.41
9/12/16,0.41
8/12/16,0.41
7/12/16,0.41
6/12/16,0.41
5/12/16,0.41
4/12/16,0.41
3/12/16,0.41
2/12/16,0.41
1/12/16,0.41
30/11/16,0.31
29/11/16,0.41
28/11/16,0.41
27/11/16,0.41
26/11/16,0.41
25/11/16,0.41
24/11/16,0.41
23/11/16,0.41
22/11/16,0.41
21/11/16,0.41
20/11/16,0.41
19/11/16,0.41
18/11/16,0.41
17/11/16,0.41
16/11/16,0.41
15/11/16,0.41
14/11/16,0.41
13/11/16,0.41
12/11/16,0.41
11/11/16,0.41
10/11/16,0.41
9/11/16,0.41
8/11/16,0.41
7/11/16,0.41
6/11/16,0.41
5/11/16,0.41
4/11/16,0.41
3/11/16,0.41
2/11/16,0.41
1/11/16,0.41
31/10/16,0.31
30/10/16,0.41
29/10/16,0.41
28/10/16,0.41
27/10/16,0.41
26/10/16,0.41
25/10/16,0.41
24/10/16,0.41
23/10/16,0.41
22/10/16,0.41
21/10/16,0.41
20/10/16,0.41
19/10/16,0.41
18/10/16,0.41
17/10/16,0.41
16/10/16,0.41
15/10/16,0.41
14/10/16,0.41
13/10/16,0.41
12/10/16,0.41
11/10/16,0.41
10/10/16,0.4
9/10/16,0.4
8/10/16,0.4
7/10/16,0.4
6/10/16,0.4
5/10/16,0.4
4/10/16,0.4
3/10/16,0.4
2/10/16,0.29
1/10/16,0.29
30/9/16,0.29
29/9/16,0.4
28/9/16,0.4
27/9/16,0.4
26/9/16,0.4
25/9/16,0.4
24/9/16,0.4
23/9/16,0.4
22/9/16,0.4
21/9/16,0.4
20/9/16,0.4
19/9/16,0.4
18/9/16,0.4
17/9/16,0.4
16/9/16,0.4
15/9/16,0.4
14/9/16,0.4
13/9/16,0.4
12/9/16,0.4
11/9/16,0.4
10/9/16,0.4
9/9/16,0.4
8/9/16,0.4
7/9/16,0.4
6/9/16,0.4
5/9/16,0.4
4/9/16,0.4
3/9/16,0.4
2/9/16,0.4
1/9/16,0.4
31/8/16,0.3
30/8/16,0.4
29/8/16,0.4
28/8/16,0.4
27/8/16,0.4
26/8/16,0.4
25/8/16,0.4
24/8/16,0.4
23/8/16,0.4
22/8/16,0.4
21/8/16,0.4
20/8/16,0.4
19/8/16,0.4
18/8/16,0.4
17/8/16,0.4
16/8/16,0.4
15/8/16,0.4
14/8/16,0.4
13/8/16,0.4
12/8/16,0.4
11/8/16,0.4
10/8/16,0.4
9/8/16,0.4
8/8/16,0.4
7/8/16,0.4
6/8/16,0.4
5/8/16,0.4
4/8/16,0.4
3/8/16,0.4
2/8/16,0.4
1/8/16,0.4
31/7/16,0.3
30/7/16,0.3
29/7/16,0.3
28/7/16,0.4
27/7/16,0.4
26/7/16,0.4
25/7/16,0.4
24/7/16,0.4
23/7/16,0.4
22/7/16,0.4
21/7/16,0.4
20/7/16,0.4
19/7/16,0.4
18/7/16,0.4
17/7/16,0.4
16/7/16,0.4
15/7/16,0.4
14/7/16,0.4
13/7/16,0.4
12/7/16,0.4
11/7/16,0.4
10/7/16,0.4
9/7/16,0.4
8/7/16,0.4
7/7/16,0.4
6/7/16,0.4
5/7/16,0.4
4/7/16,0.41
3/7/16,0.41
2/7/16,0.41
1/7/16,0.41
30/6/16,0.3
29/6/16,0.41
28/6/16,0.41
27/6/16,0.41
26/6/16,0.4
25/6/16,0.4
24/6/16,0.4
23/6/16,0.39
22/6/16,0.38
21/6/16,0.38
20/6/16,0.38
19/6/16,0.38
18/6/16,0.38
17/6/16,0.38
16/6/16,0.38
15/6/16,0.37
14/6/16,0.37
13/6/16,0.37
12/6/16,0.37
11/6/16,0.37
10/6/16,0.37
9/6/16,0.37
8/6/16,0.37
7/6/16,0.37
6/6/16,0.37
5/6/16,0.37
4/6/16,0.37
3/6/16,0.37
2/6/16,0.37
1/6/16,0.37
31/5/16,0.29
30/5/16,0.37
29/5/16,0.37
28/5/16,0.37
27/5/16,0.37
26/5/16,0.37
25/5/16,0.37
24/5/16,0.37
23/5/16,0.37
22/5/16,0.37
21/5/16,0.37
20/5/16,0.37
19/5/16,0.37
18/5/16,0.37
17/5/16,0.37
16/5/16,0.37
15/5/16,0.37
14/5/16,0.37
13/5/16,0.37
12/5/16,0.37
11/5/16,0.37
10/5/16,0.37
9/5/16,0.37
8/5/16,0.37
7/5/16,0.37
6/5/16,0.37
5/5/16,0.37
4/5/16,0.37
3/5/16,0.37
2/5/16,0.37
1/5/16,0.3
30/4/16,0.3
29/4/16,0.3
28/4/16,0.37
27/4/16,0.37
26/4/16,0.37
25/4/16,0.37
24/4/16,0.37
23/4/16,0.37
22/4/16,0.37
21/4/16,0.37
20/4/16,0.37
19/4/16,0.37
18/4/16,0.37
17/4/16,0.37
16/4/16,0.37
15/4/16,0.37
14/4/16,0.37
13/4/16,0.37
12/4/16,0.37
11/4/16,0.37
10/4/16,0.37
9/4/16,0.37
8/4/16,0.37
7/4/16,0.37
6/4/16,0.37
5/4/16,0.37
4/4/16,0.37
3/4/16,0.37
2/4/16,0.37
1/4/16,0.37
31/3/16,0.25
30/3/16,0.37
29/3/16,0.37
28/3/16,0.37
27/3/16,0.37
26/3/16,0.37
25/3/16,0.37
24/3/16,0.37
23/3/16,0.37
22/3/16,0.37
21/3/16,0.37
20/3/16,0.37
19/3/16,0.37
18/3/16,0.37
17/3/16,0.37
16/3/16,0.37
15/3/16,0.37
14/3/16,0.36
13/3/16,0.36
12/3/16,0.36
11/3/16,0.36
10/3/16,0.36
9/3/16,0.36
8/3/16,0.36
7/3/16,0.36
6/3/16,0.36
5/3/16,0.36
4/3/16,0.36
3/3/16,0.37
2/3/16,0.37
1/3/16,0.36
29/2/16,0.29
28/2/16,0.37
27/2/16,0.37
26/2/16,0.37
25/2/16,0.37
24/2/16,0.38
23/2/16,0.38
22/2/16,0.38
21/2/16,0.38
20/2/16,0.38
19/2/16,0.38
18/2/16,0.38
17/2/16,0.37
16/2/16,0.38
15/2/16,0.38
14/2/16,0.38
13/2/16,0.38
12/2/16,0.38
11/2/16,0.38
10/2/16,0.38
9/2/16,0.38
8/2/16,0.38
7/2/16,0.38
6/2/16,0.38
5/2/16,0.38
4/2/16,0.38
3/2/16,0.38
2/2/16,0.38
1/2/16,0.38
31/1/16,0.29
30/1/16,0.29
29/1/16,0.29
28/1/16,0.38
27/1/16,0.38
26/1/16,0.38
25/1/16,0.38
24/1/16,0.38
23/1/16,0.38
22/1/16,0.38
21/1/16,0.37
20/1/16,0.37
19/1/16,0.36
18/1/16,0.36
17/1/16,0.36
16/1/16,0.36
15/1/16,0.36
14/1/16,0.36
13/1/16,0.36
12/1/16,0.36
11/1/16,0.36
10/1/16,0.36
9/1/16,0.36
8/1/16,0.36
7/1/16,0.36
6/1/16,0.36
5/1/16,0.36
4/1/16,0.36
3/1/16,0.2
2/1/16,0.2
1/1/16,0.2
31/12/15,0.2
30/12/15,0.35
29/12/15,0.36
28/12/15,0.36
27/12/15,0.36
26/12/15,0.36
25/12/15,0.36
24/12/15,0.36
23/12/15,0.36
22/12/15,0.36
21/12/15,0.36
20/12/15,0.37
19/12/15,0.37
18/12/15,0.37
17/12/15,0.37
16/12/15,0.15
15/12/15,0.15
14/12/15,0.15
13/12/15,0.14
12/12/15,0.14
11/12/15,0.14
10/12/15,0.14
9/12/15,0.14
8/12/15,0.13
7/12/15,0.13
6/12/15,0.13
5/12/15,0.13
4/12/15,0.13
3/12/15,0.13
2/12/15,0.13
1/12/15,0.13
30/11/15,0.08
29/11/15,0.12
28/11/15,0.12
27/11/15,0.12
26/11/15,0.12
25/11/15,0.12
24/11/15,0.12
23/11/15,0.12
22/11/15,0.12
21/11/15,0.12
20/11/15,0.12
19/11/15,0.12
18/11/15,0.12
17/11/15,0.13
16/11/15,0.13
15/11/15,0.12
14/11/15,0.12
13/11/15,0.12
12/11/15,0.12
11/11/15,0.12
10/11/15,0.12
9/11/15,0.12
8/11/15,0.12
7/11/15,0.12
6/11/15,0.12
5/11/15,0.12
4/11/15,0.12
3/11/15,0.12
2/11/15,0.12
1/11/15,0.07
31/10/15,0.07
30/10/15,0.07
29/10/15,0.12
28/10/15,0.12
27/10/15,0.12
26/10/15,0.12
25/10/15,0.12
24/10/15,0.12
23/10/15,0.12
22/10/15,0.12
21/10/15,0.13
20/10/15,0.13
19/10/15,0.13
18/10/15,0.13
17/10/15,0.13
16/10/15,0.13
15/10/15,0.13
14/10/15,0.13
13/10/15,0.13
12/10/15,0.13
11/10/15,0.13
10/10/15,0.13
9/10/15,0.13
8/10/15,0.13
7/10/15,0.13
6/10/15,0.13
5/10/15,0.13
4/10/15,0.13
3/10/15,0.13
2/10/15,0.13
1/10/15,0.13
30/9/15,0.07
29/9/15,0.13
28/9/15,0.13
27/9/15,0.13
26/9/15,0.13
25/9/15,0.13
24/9/15,0.14
23/9/15,0.14
22/9/15,0.14
21/9/15,0.14
20/9/15,0.14
19/9/15,0.14
18/9/15,0.14
17/9/15,0.14
16/9/15,0.14
15/9/15,0.14
14/9/15,0.14
13/9/15,0.14
12/9/15,0.14
11/9/15,0.14
10/9/15,0.14
9/9/15,0.14
8/9/15,0.14
7/9/15,0.14
6/9/15,0.14
5/9/15,0.14
4/9/15,0.14
3/9/15,0.14
2/9/15,0.14
1/9/15,0.14
31/8/15,0.08
30/8/15,0.14
29/8/15,0.14
28/8/15,0.14
27/8/15,0.14
26/8/15,0.14
25/8/15,0.15
24/8/15,0.15
23/8/15,0.15
22/8/15,0.15
21/8/15,0.15
20/8/15,0.15
19/8/15,0.15
18/8/15,0.15
17/8/15,0.15
16/8/15,0.14
15/8/15,0.14
14/8/15,0.14
13/8/15,0.15
12/8/15,0.15
11/8/15,0.15
10/8/15,0.14
9/8/15,0.14
8/8/15,0.14
7/8/15,0.14
6/8/15,0.14
5/8/15,0.14
4/8/15,0.14
3/8/15,0.14
2/8/15,0.08
1/8/15,0.08
31/7/15,0.08
30/7/15,0.14
29/7/15,0.14
28/7/15,0.14
27/7/15,0.14
26/7/15,0.13
25/7/15,0.13
24/7/15,0.13
23/7/15,0.13
22/7/15,0.13
21/7/15,0.13
20/7/15,0.14
19/7/15,0.13
18/7/15,0.13
17/7/15,0.13
16/7/15,0.14
15/7/15,0.13
14/7/15,0.13
13/7/15,0.13
12/7/15,0.13
11/7/15,0.13
10/7/15,0.13
9/7/15,0.13
8/7/15,0.13
7/7/15,0.13
6/7/15,0.13
5/7/15,0.13
4/7/15,0.13
3/7/15,0.13
2/7/15,0.13
1/7/15,0.13
30/6/15,0.08
29/6/15,0.14
28/6/15,0.13
27/6/15,0.13
26/6/15,0.13
25/6/15,0.13
24/6/15,0.13
23/6/15,0.13
22/6/15,0.13
21/6/15,0.13
20/6/15,0.13
19/6/15,0.13
18/6/15,0.14
17/6/15,0.14
16/6/15,0.14
15/6/15,0.13
14/6/15,0.13
13/6/15,0.13
12/6/15,0.13
11/6/15,0.13
10/6/15,0.13
9/6/15,0.13
8/6/15,0.13
7/6/15,0.13
6/6/15,0.13
5/6/15,0.13
4/6/15,0.13
3/6/15,0.13
2/6/15,0.12
1/6/15,0.12
31/5/15,0.08
30/5/15,0.08
29/5/15,0.08
28/5/15,0.12
27/5/15,0.12
26/5/15,0.12
25/5/15,0.13
24/5/15,0.13
23/5/15,0.13
22/5/15,0.13
21/5/15,0.12
20/5/15,0.12
19/5/15,0.12
18/5/15,0.13
17/5/15,0.13
16/5/15,0.13
15/5/15,0.13
14/5/15,0.13
13/5/15,0.13
12/5/15,0.13
11/5/15,0.13
10/5/15,0.13
9/5/15,0.13
8/5/15,0.13
7/5/15,0.13
6/5/15,0.13
5/5/15,0.13
4/5/15,0.13
3/5/15,0.13
2/5/15,0.13
1/5/15,0.13
30/4/15,0.08
29/4/15,0.13
28/4/15,0.13
27/4/15,0.13
26/4/15,0.13
25/4/15,0.13
24/4/15,0.13
23/4/15,0.13
22/4/15,0.13
21/4/15,0.13
20/4/15,0.13
19/4/15,0.13
18/4/15,0.13
17/4/15,0.13
16/4/15,0.13
15/4/15,0.13
14/4/15,0.13
13/4/15,0.13
12/4/15,0.12
11/4/15,0.12
10/4/15,0.12
9/4/15,0.12
8/4/15,0.12
7/4/15,0.12
6/4/15,0.13
5/4/15,0.12
4/4/15,0.12
3/4/15,0.12
2/4/15,0.12
1/4/15,0.12
31/3/15,0.06
30/3/15,0.12
29/3/15,0.12
28/3/15,0.12
27/3/15,0.12
26/3/15,0.11
25/3/15,0.12
24/3/15,0.11
23/3/15,0.12
22/3/15,0.12
21/3/15,0.12
20/3/15,0.12
19/3/15,0.12
18/3/15,0.11
17/3/15,0.12
16/3/15,0.12
15/3/15,0.11
14/3/15,0.11
13/3/15,0.11
12/3/15,0.11
11/3/15,0.11
10/3/15,0.12
9/3/15,0.12
8/3/15,0.12
7/3/15,0.12
6/3/15,0.12
5/3/15,0.11
4/3/15,0.11
3/3/15,0.12
2/3/15,0.12
1/3/15,0.06
28/2/15,0.06
27/2/15,0.06
26/2/15,0.11
25/2/15,0.11
24/2/15,0.11
23/2/15,0.11
22/2/15,0.12
21/2/15,0.12
20/2/15,0.12
19/2/15,0.12
18/2/15,0.12
17/2/15,0.12
16/2/15,0.12
15/2/15,0.12
14/2/15,0.12
13/2/15,0.12
12/2/15,0.12
11/2/15,0.12
10/2/15,0.12
9/2/15,0.12
8/2/15,0.11
7/2/15,0.11
6/2/15,0.11
5/2/15,0.12
4/2/15,0.11
3/2/15,0.12
2/2/15,0.12
1/2/15,0.06
31/1/15,0.06
30/1/15,0.06
29/1/15,0.11
28/1/15,0.12
27/1/15,0.11
26/1/15,0.12
25/1/15,0.12
24/1/15,0.12
23/1/15,0.12
22/1/15,0.12
21/1/15,0.12
20/1/15,0.12
19/1/15,0.13
18/1/15,0.13
17/1/15,0.13
16/1/15,0.13
15/1/15,0.12
14/1/15,0.12
13/1/15,0.12
12/1/15,0.12
11/1/15,0.12
10/1/15,0.12
9/1/15,0.12
8/1/15,0.12
7/1/15,0.12
6/1/15,0.12
5/1/15,0.12
4/1/15,0.12
3/1/15,0.12
2/1/15,0.12
1/1/15,0.06
31/12/14,0.06
30/12/14,0.13
29/12/14,0.13
28/12/14,0.13
27/12/14,0.13
26/12/14,0.13
25/12/14,0.13
24/12/14,0.13
23/12/14,0.13
22/12/14,0.13
21/12/14,0.13
20/12/14,0.13
19/12/14,0.13
18/12/14,0.13
17/12/14,0.13
16/12/14,0.12
15/12/14,0.11
14/12/14,0.12
13/12/14,0.12
12/12/14,0.12
11/12/14,0.12
10/12/14,0.12
9/12/14,0.12
8/12/14,0.12
7/12/14,0.12
6/12/14,0.12
5/12/14,0.12
4/12/14,0.12
3/12/14,0.12
2/12/14,0.12
1/12/14,0.13
30/11/14,0.08
29/11/14,0.08
28/11/14,0.08
27/11/14,0.1
26/11/14,0.1
25/11/14,0.1
24/11/14,0.1
23/11/14,0.1
22/11/14,0.1
21/11/14,0.1
20/11/14,0.1
19/11/14,0.1
18/11/14,0.11
17/11/14,0.1
16/11/14,0.09
15/11/14,0.09
14/11/14,0.09
13/11/14,0.09
12/11/14,0.09
11/11/14,0.09
10/11/14,0.09
9/11/14,0.09
8/11/14,0.09
7/11/14,0.09
6/11/14,0.09
5/11/14,0.09
4/11/14,0.1
3/11/14,0.09
2/11/14,0.07
1/11/14,0.07
31/10/14,0.07
30/10/14,0.09
29/10/14,0.09
28/10/14,0.09
27/10/14,0.09
26/10/14,0.09
25/10/14,0.09
24/10/14,0.09
23/10/14,0.09
22/10/14,0.09
21/10/14,0.09
20/10/14,0.09
19/10/14,0.09
18/10/14,0.09
17/10/14,0.09
16/10/14,0.09
15/10/14,0.09
14/10/14,0.09
13/10/14,0.09
12/10/14,0.09
11/10/14,0.09
10/10/14,0.09
9/10/14,0.08
8/10/14,0.09
7/10/14,0.09
6/10/14,0.09
5/10/14,0.09
4/10/14,0.09
3/10/14,0.09
2/10/14,0.09
1/10/14,0.09
30/9/14,0.07
29/9/14,0.08
28/9/14,0.09
27/9/14,0.09
26/9/14,0.09
25/9/14,0.09
24/9/14,0.09
23/9/14,0.09
22/9/14,0.09
21/9/14,0.09
20/9/14,0.09
19/9/14,0.09
18/9/14,0.09
17/9/14,0.09
16/9/14,0.09
15/9/14,0.09
14/9/14,0.09
13/9/14,0.09
12/9/14,0.09
11/9/14,0.09
10/9/14,0.09
9/9/14,0.09
8/9/14,0.09
7/9/14,0.09
6/9/14,0.09
5/9/14,0.09
4/9/14,0.09
3/9/14,0.09
2/9/14,0.09
1/9/14,0.07
31/8/14,0.07
30/8/14,0.07
29/8/14,0.07
28/8/14,0.09
27/8/14,0.09
26/8/14,0.09
25/8/14,0.09
24/8/14,0.09
23/8/14,0.09
22/8/14,0.09
21/8/14,0.09
20/8/14,0.09
19/8/14,0.09
18/8/14,0.09
17/8/14,0.09
16/8/14,0.09
15/8/14,0.09
14/8/14,0.09
13/8/14,0.09
12/8/14,0.09
11/8/14,0.09
10/8/14,0.09
9/8/14,0.09
8/8/14,0.09
7/8/14,0.09
6/8/14,0.09
5/8/14,0.09
4/8/14,0.09
3/8/14,0.09
2/8/14,0.09
1/8/14,0.09
31/7/14,0.08
30/7/14,0.09
29/7/14,0.09
28/7/14,0.09
27/7/14,0.09
26/7/14,0.09
25/7/14,0.09
24/7/14,0.09
23/7/14,0.09
22/7/14,0.09
21/7/14,0.1
20/7/14,0.09
19/7/14,0.09
18/7/14,0.09
17/7/14,0.09
16/7/14,0.09
15/7/14,0.09
14/7/14,0.09
13/7/14,0.09
12/7/14,0.09
11/7/14,0.09
10/7/14,0.09
9/7/14,0.09
8/7/14,0.09
7/7/14,0.1
6/7/14,0.09
5/7/14,0.09
4/7/14,0.09
3/7/14,0.09
2/7/14,0.1
1/7/14,0.1
30/6/14,0.09
29/6/14,0.1
28/6/14,0.1
27/6/14,0.1
26/6/14,0.1
25/6/14,0.1
24/6/14,0.1
23/6/14,0.1
22/6/14,0.1
21/6/14,0.1
20/6/14,0.1
19/6/14,0.1
18/6/14,0.1
17/6/14,0.1
16/6/14,0.1
15/6/14,0.1
14/6/14,0.1
13/6/14,0.1
12/6/14,0.09
11/6/14,0.09
10/6/14,0.09
9/6/14,0.09
8/6/14,0.09
7/6/14,0.09
6/6/14,0.09
5/6/14,0.09
4/6/14,0.09
3/6/14,0.1
2/6/14,0.09
1/6/14,0.08
31/5/14,0.08
30/5/14,0.08
29/5/14,0.09
28/5/14,0.09
27/5/14,0.09
26/5/14,0.09
25/5/14,0.09
24/5/14,0.09
23/5/14,0.09
22/5/14,0.09
21/5/14,0.09
20/5/14,0.09
19/5/14,0.09
18/5/14,0.09
17/5/14,0.09
16/5/14,0.09
15/5/14,0.09
14/5/14,0.08
13/5/14,0.09
12/5/14,0.08
11/5/14,0.08
10/5/14,0.08
9/5/14,0.08
8/5/14,0.08
7/5/14,0.08
6/5/14,0.09
5/5/14,0.09
4/5/14,0.09
3/5/14,0.09
2/5/14,0.09
1/5/14,0.09
30/4/14,0.09
29/4/14,0.1
28/4/14,0.09
27/4/14,0.09
26/4/14,0.09
25/4/14,0.09
24/4/14,0.1
23/4/14,0.1
22/4/14,0.1
21/4/14,0.1
20/4/14,0.1
19/4/14,0.1
18/4/14,0.1
17/4/14,0.09
16/4/14,0.09
15/4/14,0.1
14/4/14,0.09
13/4/14,0.09
12/4/14,0.09
11/4/14,0.09
10/4/14,0.08
9/4/14,0.08
8/4/14,0.08
7/4/14,0.09
6/4/14,0.08
5/4/14,0.08
4/4/14,0.08
3/4/14,0.08
2/4/14,0.09
1/4/14,0.08
31/3/14,0.06
30/3/14,0.08
29/3/14,0.08
28/3/14,0.08
27/3/14,0.08
26/3/14,0.08
25/3/14,0.09
24/3/14,0.09
23/3/14,0.08
22/3/14,0.08
21/3/14,0.08
20/3/14,0.08
19/3/14,0.08
18/3/14,0.08
17/3/14,0.08
16/3/14,0.08
15/3/14,0.08
14/3/14,0.08
13/3/14,0.08
12/3/14,0.08
11/3/14,0.08
10/3/14,0.08
9/3/14,0.08
8/3/14,0.08
7/3/14,0.08
6/3/14,0.08
5/3/14,0.08
4/3/14,0.07
3/3/14,0.07
2/3/14,0.06
1/3/14,0.06
28/2/14,0.06
27/2/14,0.07
26/2/14,0.07
25/2/14,0.07
24/2/14,0.07
23/2/14,0.07
22/2/14,0.07
21/2/14,0.07
20/2/14,0.07
19/2/14,0.07
18/2/14,0.07
17/2/14,0.06
16/2/14,0.06
15/2/14,0.06
14/2/14,0.06
13/2/14,0.06
12/2/14,0.07
11/2/14,0.06
10/2/14,0.07
9/2/14,0.06
8/2/14,0.06
7/2/14,0.06
6/2/14,0.07
5/2/14,0.07
4/2/14,0.07
3/2/14,0.07
2/2/14,0.07
1/2/14,0.07
31/1/14,0.07
30/1/14,0.07
29/1/14,0.07
28/1/14,0.07
27/1/14,0.07
26/1/14,0.07
25/1/14,0.07
24/1/14,0.07
23/1/14,0.07
22/1/14,0.07
21/1/14,0.07
20/1/14,0.07
19/1/14,0.07
18/1/14,0.07
17/1/14,0.07
16/1/14,0.07
15/1/14,0.07
14/1/14,0.07
13/1/14,0.07
12/1/14,0.07
11/1/14,0.07
10/1/14,0.07
9/1/14,0.07
8/1/14,0.07
7/1/14,0.07
6/1/14,0.08
5/1/14,0.08
4/1/14,0.08
3/1/14,0.08
2/1/14,0.08
1/1/14,0.07
31/12/13,0.07
30/12/13,0.08
29/12/13,0.08
28/12/13,0.08
27/12/13,0.08
26/12/13,0.08
25/12/13,0.08
24/12/13,0.08
23/12/13,0.09
22/12/13,0.09
21/12/13,0.09
20/12/13,0.09
19/12/13,0.09
18/12/13,0.09
17/12/13,0.09
16/12/13,0.09
15/12/13,0.08
14/12/13,0.08
13/12/13,0.08
12/12/13,0.09
11/12/13,0.08
10/12/13,0.09
9/12/13,0.09
8/12/13,0.09
7/12/13,0.09
6/12/13,0.09
5/12/13,0.09
4/12/13,0.09
3/12/13,0.09
2/12/13,0.09
1/12/13,0.07
30/11/13,0.07
29/11/13,0.07
28/11/13,0.09
27/11/13,0.09
26/11/13,0.09
25/11/13,0.09
24/11/13,0.09
23/11/13,0.09
22/11/13,0.09
21/11/13,0.09
20/11/13,0.09
19/11/13,0.09
18/11/13,0.09
17/11/13,0.09
16/11/13,0.09
15/11/13,0.09
14/11/13,0.09
13/11/13,0.08
12/11/13,0.08
11/11/13,0.08
10/11/13,0.08
9/11/13,0.08
8/11/13,0.08
7/11/13,0.08
6/11/13,0.08
5/11/13,0.08
4/11/13,0.08
3/11/13,0.08
2/11/13,0.08
1/11/13,0.08
31/10/13,0.07
30/10/13,0.08
29/10/13,0.08
28/10/13,0.08
27/10/13,0.08
26/10/13,0.08
25/10/13,0.08
24/10/13,0.08
23/10/13,0.08
22/10/13,0.08
21/10/13,0.09
20/10/13,0.1
19/10/13,0.1
18/10/13,0.1
17/10/13,0.1
16/10/13,0.11
15/10/13,0.1
14/10/13,0.1
13/10/13,0.1
12/10/13,0.1
11/10/13,0.1
10/10/13,0.09
9/10/13,0.09
8/10/13,0.08
7/10/13,0.08
6/10/13,0.08
5/10/13,0.08
4/10/13,0.08
3/10/13,0.08
2/10/13,0.07
1/10/13,0.08
30/9/13,0.06
29/9/13,0.08
28/9/13,0.08
27/9/13,0.08
26/9/13,0.08
25/9/13,0.08
24/9/13,0.09
23/9/13,0.09
22/9/13,0.08
21/9/13,0.08
20/9/13,0.08
19/9/13,0.09
18/9/13,0.08
17/9/13,0.08
16/9/13,0.08
15/9/13,0.08
14/9/13,0.08
13/9/13,0.08
12/9/13,0.08
11/9/13,0.08
10/9/13,0.08
9/9/13,0.08
8/9/13,0.08
7/9/13,0.08
6/9/13,0.08
5/9/13,0.08
4/9/13,0.08
3/9/13,0.09
2/9/13,0.07
1/9/13,0.07
31/8/13,0.07
30/8/13,0.07
29/8/13,0.08
28/8/13,0.07
27/8/13,0.07
26/8/13,0.08
25/8/13,0.08
24/8/13,0.08
23/8/13,0.08
22/8/13,0.09
21/8/13,0.08
20/8/13,0.09
19/8/13,0.09
18/8/13,0.09
17/8/13,0.09
16/8/13,0.09
15/8/13,0.08
14/8/13,0.09
13/8/13,0.08
12/8/13,0.08
11/8/13,0.08
10/8/13,0.08
9/8/13,0.08
8/8/13,0.09
7/8/13,0.09
6/8/13,0.09
5/8/13,0.08
4/8/13,0.09
3/8/13,0.09
2/8/13,0.09
1/8/13,0.08
31/7/13,0.09
30/7/13,0.09
29/7/13,0.08
28/7/13,0.09
27/7/13,0.09
26/7/13,0.09
25/7/13,0.09
24/7/13,0.09
23/7/13,0.09
22/7/13,0.09
21/7/13,0.09
20/7/13,0.09
19/7/13,0.09
18/7/13,0.09
17/7/13,0.09
16/7/13,0.09
15/7/13,0.09
14/7/13,0.09
13/7/13,0.09
12/7/13,0.09
11/7/13,0.09
10/7/13,0.09
9/7/13,0.1
8/7/13,0.1
7/7/13,0.1
6/7/13,0.1
5/7/13,0.1
4/7/13,0.1
3/7/13,0.1
2/7/13,0.1
1/7/13,0.1
30/6/13,0.07
29/6/13,0.07
28/6/13,0.07
27/6/13,0.09
26/6/13,0.09
25/6/13,0.09
24/6/13,0.1
23/6/13,0.1
22/6/13,0.1
21/6/13,0.1
20/6/13,0.1
19/6/13,0.1
18/6/13,0.12
17/6/13,0.11
16/6/13,0.1
15/6/13,0.1
14/6/13,0.1
13/6/13,0.09
12/6/13,0.08
11/6/13,0.09
10/6/13,0.09
9/6/13,0.09
8/6/13,0.09
7/6/13,0.09
6/6/13,0.1
5/6/13,0.09
4/6/13,0.11
3/6/13,0.1
2/6/13,0.09
1/6/13,0.09
31/5/13,0.09
30/5/13,0.08
29/5/13,0.08
28/5/13,0.09
27/5/13,0.09
26/5/13,0.09
25/5/13,0.09
24/5/13,0.09
23/5/13,0.08
22/5/13,0.08
21/5/13,0.09
20/5/13,0.1
19/5/13,0.1
18/5/13,0.1
17/5/13,0.1
16/5/13,0.11
15/5/13,0.12
14/5/13,0.11
13/5/13,0.12
12/5/13,0.12
11/5/13,0.12
10/5/13,0.12
9/5/13,0.12
8/5/13,0.12
7/5/13,0.12
6/5/13,0.14
5/5/13,0.14
4/5/13,0.14
3/5/13,0.14
2/5/13,0.15
1/5/13,0.14
30/4/13,0.14
29/4/13,0.13
28/4/13,0.13
27/4/13,0.13
26/4/13,0.13
25/4/13,0.13
24/4/13,0.13
23/4/13,0.14
22/4/13,0.15
21/4/13,0.15
20/4/13,0.15
19/4/13,0.15
18/4/13,0.15
17/4/13,0.15
16/4/13,0.15
15/4/13,0.15
14/4/13,0.15
13/4/13,0.15
12/4/13,0.15
11/4/13,0.15
10/4/13,0.15
9/4/13,0.15
8/4/13,0.15
7/4/13,0.15
6/4/13,0.15
5/4/13,0.15
4/4/13,0.14
3/4/13,0.14
2/4/13,0.15
1/4/13,0.16
31/3/13,0.09
30/3/13,0.09
29/3/13,0.09
28/3/13,0.13
27/3/13,0.12
26/3/13,0.14
25/3/13,0.15
24/3/13,0.15
23/3/13,0.15
22/3/13,0.15
21/3/13,0.16
20/3/13,0.15
19/3/13,0.15
18/3/13,0.16
17/3/13,0.16
16/3/13,0.16
15/3/13,0.16
14/3/13,0.15
13/3/13,0.14
12/3/13,0.15
11/3/13,0.16
10/3/13,0.15
9/3/13,0.15
8/3/13,0.15
7/3/13,0.16
6/3/13,0.15
5/3/13,0.15
4/3/13,0.16
3/3/13,0.14
2/3/13,0.14
1/3/13,0.14
28/2/13,0.14
27/2/13,0.14
26/2/13,0.14
25/2/13,0.15
24/2/13,0.16
23/2/13,0.16
22/2/13,0.16
21/2/13,0.16
20/2/13,0.15
19/2/13,0.15
18/2/13,0.16
17/2/13,0.16
16/2/13,0.16
15/2/13,0.16
14/2/13,0.14
13/2/13,0.14
12/2/13,0.13
11/2/13,0.14
10/2/13,0.14
9/2/13,0.14
8/2/13,0.14
7/2/13,0.13
6/2/13,0.13
5/2/13,0.13
4/2/13,0.13
3/2/13,0.14
2/2/13,0.14
1/2/13,0.14
31/1/13,0.15
30/1/13,0.12
29/1/13,0.12
28/1/13,0.14
27/1/13,0.14
26/1/13,0.14
25/1/13,0.14
24/1/13,0.15
23/1/13,0.13
22/1/13,0.14
21/1/13,0.14
20/1/13,0.14
19/1/13,0.14
18/1/13,0.14
17/1/13,0.14
16/1/13,0.14
15/1/13,0.15
14/1/13,0.14
13/1/13,0.14
12/1/13,0.14
11/1/13,0.14
10/1/13,0.14
9/1/13,0.14
8/1/13,0.15
7/1/13,0.16
6/1/13,0.16
5/1/13,0.16
4/1/13,0.16
3/1/13,0.17
2/1/13,0.17
1/1/13,0.09
31/12/12,0.09
30/12/12,0.17
29/12/12,0.17
28/12/12,0.17
27/12/12,0.17
26/12/12,0.17
25/12/12,0.18
24/12/12,0.18
23/12/12,0.17
22/12/12,0.17
21/12/12,0.17
20/12/12,0.17
19/12/12,0.17
18/12/12,0.17
17/12/12,0.16
16/12/12,0.17
15/12/12,0.17
14/12/12,0.17
13/12/12,0.16
12/12/12,0.17
11/12/12,0.17
10/12/12,0.16
9/12/12,0.16
8/12/12,0.16
7/12/12,0.16
6/12/12,0.16
5/12/12,0.16
4/12/12,0.17
3/12/12,0.16
2/12/12,0.16
1/12/12,0.16
30/11/12,0.16
29/11/12,0.16
28/11/12,0.16
27/11/12,0.16
26/11/12,0.16
25/11/12,0.16
24/11/12,0.16
23/11/12,0.16
22/11/12,0.16
21/11/12,0.16
20/11/12,0.16
19/11/12,0.16
18/11/12,0.16
17/11/12,0.16
16/11/12,0.16
15/11/12,0.16
14/11/12,0.16
13/11/12,0.16
12/11/12,0.16
11/11/12,0.16
10/11/12,0.16
9/11/12,0.16
8/11/12,0.16
7/11/12,0.16
6/11/12,0.16
5/11/12,0.17
4/11/12,0.16
3/11/12,0.16
2/11/12,0.16
1/11/12,0.17
31/10/12,0.18
30/10/12,0.17
29/10/12,0.17
28/10/12,0.16
27/10/12,0.16
26/10/12,0.16
25/10/12,0.16
24/10/12,0.17
23/10/12,0.15
22/10/12,0.15
21/10/12,0.16
20/10/12,0.16
19/10/12,0.16
18/10/12,0.15
17/10/12,0.15
16/10/12,0.16
15/10/12,0.16
14/10/12,0.16
13/10/12,0.16
12/10/12,0.16
11/10/12,0.16
10/10/12,0.16
9/10/12,0.16
8/10/12,0.15
7/10/12,0.15
6/10/12,0.15
5/10/12,0.15
4/10/12,0.15
3/10/12,0.16
2/10/12,0.16
1/10/12,0.15
30/9/12,0.09
29/9/12,0.09
28/9/12,0.09
27/9/12,0.14
26/9/12,0.15
25/9/12,0.15
24/9/12,0.16
23/9/12,0.15
22/9/12,0.15
21/9/12,0.15
20/9/12,0.16
19/9/12,0.15
18/9/12,0.16
17/9/12,0.16
16/9/12,0.16
15/9/12,0.16
14/9/12,0.16
13/9/12,0.15
12/9/12,0.15
11/9/12,0.15
10/9/12,0.15
9/9/12,0.15
8/9/12,0.15
7/9/12,0.15
6/9/12,0.16
5/9/12,0.16
4/9/12,0.14
3/9/12,0.13
2/9/12,0.13
1/9/12,0.13
31/8/12,0.13
30/8/12,0.14
29/8/12,0.13
28/8/12,0.13
27/8/12,0.13
26/8/12,0.13
25/8/12,0.13
24/8/12,0.13
23/8/12,0.13
22/8/12,0.13
21/8/12,0.13
20/8/12,0.13
19/8/12,0.13
18/8/12,0.13
17/8/12,0.13
16/8/12,0.13
15/8/12,0.13
14/8/12,0.13
13/8/12,0.13
12/8/12,0.13
11/8/12,0.13
10/8/12,0.13
9/8/12,0.13
8/8/12,0.13
7/8/12,0.13
6/8/12,0.14
5/8/12,0.14
4/8/12,0.14
3/8/12,0.14
2/8/12,0.14
1/8/12,0.14
31/7/12,0.13
30/7/12,0.14
29/7/12,0.14
28/7/12,0.14
27/7/12,0.14
26/7/12,0.14
25/7/12,0.15
24/7/12,0.15
23/7/12,0.14
22/7/12,0.13
21/7/12,0.13
20/7/12,0.13
19/7/12,0.13
18/7/12,0.16
17/7/12,0.17
16/7/12,0.18
15/7/12,0.19
14/7/12,0.19
13/7/12,0.19
12/7/12,0.18
11/7/12,0.17
10/7/12,0.17
9/7/12,0.17
8/7/12,0.17
7/7/12,0.17
6/7/12,0.17
5/7/12,0.17
4/7/12,0.17
3/7/12,0.17
2/7/12,0.18
1/7/12,0.09
30/6/12,0.09
29/6/12,0.09
28/6/12,0.15
27/6/12,0.15
26/6/12,0.16
25/6/12,0.17
24/6/12,0.17
23/6/12,0.17
22/6/12,0.17
21/6/12,0.17
20/6/12,0.16
19/6/12,0.17
18/6/12,0.17
17/6/12,0.18
16/6/12,0.18
15/6/12,0.18
14/6/12,0.17
13/6/12,0.17
12/6/12,0.16
11/6/12,0.17
10/6/12,0.17
9/6/12,0.17
8/6/12,0.17
7/6/12,0.16
6/6/12,0.16
5/6/12,0.17
4/6/12,0.17
3/6/12,0.16
2/6/12,0.16
1/6/12,0.16
31/5/12,0.16
30/5/12,0.16
29/5/12,0.16
28/5/12,0.15
27/5/12,0.15
26/5/12,0.15
25/5/12,0.15
24/5/12,0.15
23/5/12,0.15
22/5/12,0.16
21/5/12,0.16
20/5/12,0.16
19/5/12,0.16
18/5/12,0.16
17/5/12,0.16
16/5/12,0.16
15/5/12,0.16
14/5/12,0.16
13/5/12,0.15
12/5/12,0.15
11/5/12,0.15
10/5/12,0.15
9/5/12,0.15
8/5/12,0.16
7/5/12,0.16
6/5/12,0.16
5/5/12,0.16
4/5/12,0.16
3/5/12,0.15
2/5/12,0.15
1/5/12,0.16
30/4/12,0.16
29/4/12,0.13
28/4/12,0.13
27/4/12,0.13
26/4/12,0.14
25/4/12,0.15
24/4/12,0.14
23/4/12,0.13
22/4/12,0.12
21/4/12,0.12
20/4/12,0.12
19/4/12,0.13
18/4/12,0.15
17/4/12,0.16
16/4/12,0.15
15/4/12,0.15
14/4/12,0.15
13/4/12,0.15
12/4/12,0.15
11/4/12,0.16
10/4/12,0.15
9/4/12,0.16
8/4/12,0.12
7/4/12,0.12
6/4/12,0.12
5/4/12,0.15
4/4/12,0.15
3/4/12,0.15
2/4/12,0.15
1/4/12,0.09
31/3/12,0.09
30/3/12,0.09
29/3/12,0.13
28/3/12,0.13
27/3/12,0.14
26/3/12,0.14
25/3/12,0.14
24/3/12,0.14
23/3/12,0.14
22/3/12,0.14
21/3/12,0.15
20/3/12,0.15
19/3/12,0.15
18/3/12,0.15
17/3/12,0.15
16/3/12,0.15
15/3/12,0.14
14/3/12,0.13
13/3/12,0.12
12/3/12,0.12
11/3/12,0.12
10/3/12,0.12
9/3/12,0.12
8/3/12,0.11
7/3/12,0.11
6/3/12,0.11
5/3/12,0.11
4/3/12,0.11
3/3/12,0.11
2/3/12,0.11
1/3/12,0.11
29/2/12,0.1
28/2/12,0.1
27/2/12,0.1
26/2/12,0.09
25/2/12,0.09
24/2/12,0.09
23/2/12,0.08
22/2/12,0.08
21/2/12,0.1
20/2/12,0.09
19/2/12,0.09
18/2/12,0.09
17/2/12,0.09
16/2/12,0.11
15/2/12,0.12
14/2/12,0.12
13/2/12,0.12
12/2/12,0.12
11/2/12,0.12
10/2/12,0.12
9/2/12,0.11
8/2/12,0.11
7/2/12,0.11
6/2/12,0.11
5/2/12,0.11
4/2/12,0.11
3/2/12,0.11
2/2/12,0.11
1/2/12,0.11
31/1/12,0.11
30/1/12,0.09
29/1/12,0.09
28/1/12,0.09
27/1/12,0.09
26/1/12,0.08
25/1/12,0.08
24/1/12,0.09
23/1/12,0.09
22/1/12,0.09
21/1/12,0.09
20/1/12,0.09
19/1/12,0.1
18/1/12,0.09
17/1/12,0.09
16/1/12,0.09
15/1/12,0.09
14/1/12,0.09
13/1/12,0.09
12/1/12,0.08
11/1/12,0.08
10/1/12,0.08
9/1/12,0.08
8/1/12,0.07
7/1/12,0.07
6/1/12,0.07
5/1/12,0.07
4/1/12,0.07
3/1/12,0.07
2/1/12,0.04
1/1/12,0.04
31/12/11,0.04
30/12/11,0.04
29/12/11,0.07
28/12/11,0.07
27/12/11,0.07
26/12/11,0.08
25/12/11,0.08
24/12/11,0.08
23/12/11,0.08
22/12/11,0.07
21/12/11,0.07
20/12/11,0.07
19/12/11,0.07
18/12/11,0.07
17/12/11,0.07
16/12/11,0.07
15/12/11,0.07
14/12/11,0.07
13/12/11,0.07
12/12/11,0.07
11/12/11,0.07
10/12/11,0.07
9/12/11,0.07
8/12/11,0.07
7/12/11,0.08
6/12/11,0.08
5/12/11,0.08
4/12/11,0.08
3/12/11,0.08
2/12/11,0.08
1/12/11,0.08
30/11/11,0.1
29/11/11,0.08
28/11/11,0.08
27/11/11,0.07
26/11/11,0.07
25/11/11,0.07
24/11/11,0.09
23/11/11,0.09
22/11/11,0.08
21/11/11,0.08
20/11/11,0.08
19/11/11,0.08
18/11/11,0.08
17/11/11,0.08
16/11/11,0.08
15/11/11,0.09
14/11/11,0.08
13/11/11,0.08
12/11/11,0.08
11/11/11,0.08
10/11/11,0.08
9/11/11,0.08
8/11/11,0.08
7/11/11,0.08
6/11/11,0.08
5/11/11,0.08
4/11/11,0.08
3/11/11,0.09
2/11/11,0.08
1/11/11,0.08
31/10/11,0.09
30/10/11,0.07
29/10/11,0.07
28/10/11,0.07
27/10/11,0.07
26/10/11,0.08
25/10/11,0.07
24/10/11,0.07
23/10/11,0.07
22/10/11,0.07
21/10/11,0.07
20/10/11,0.07
19/10/11,0.07
18/10/11,0.07
17/10/11,0.07
16/10/11,0.07
15/10/11,0.07
14/10/11,0.07
13/10/11,0.07
12/10/11,0.07
11/10/11,0.07
10/10/11,0.07
9/10/11,0.07
8/10/11,0.07
7/10/11,0.07
6/10/11,0.07
5/10/11,0.07
4/10/11,0.07
3/10/11,0.08
2/10/11,0.06
1/10/11,0.06
30/9/11,0.06
29/9/11,0.08
28/9/11,0.08
27/9/11,0.08
26/9/11,0.08
25/9/11,0.08
24/9/11,0.08
23/9/11,0.08
22/9/11,0.08
21/9/11,0.08
20/9/11,0.09
19/9/11,0.09
18/9/11,0.09
17/9/11,0.09
16/9/11,0.09
15/9/11,0.09
14/9/11,0.08
13/9/11,0.09
12/9/11,0.09
11/9/11,0.09
10/9/11,0.09
9/9/11,0.09
8/9/11,0.09
7/9/11,0.09
6/9/11,0.09
5/9/11,0.08
4/9/11,0.08
3/9/11,0.08
2/9/11,0.08
1/9/11,0.08
31/8/11,0.08
30/8/11,0.08
29/8/11,0.09
28/8/11,0.09
27/8/11,0.09
26/8/11,0.09
25/8/11,0.08
24/8/11,0.08
23/8/11,0.08
22/8/11,0.09
21/8/11,0.09
20/8/11,0.09
19/8/11,0.09
18/8/11,0.09
17/8/11,0.09
16/8/11,0.09
15/8/11,0.1
14/8/11,0.1
13/8/11,0.1
12/8/11,0.1
11/8/11,0.09
10/8/11,0.1
9/8/11,0.1
8/8/11,0.11
7/8/11,0.08
6/8/11,0.08
5/8/11,0.08
4/8/11,0.09
3/8/11,0.12
2/8/11,0.16
1/8/11,0.17
31/7/11,0.11
30/7/11,0.11
29/7/11,0.11
28/7/11,0.08
27/7/11,0.07
26/7/11,0.06
25/7/11,0.06
24/7/11,0.06
23/7/11,0.06
22/7/11,0.06
21/7/11,0.06
20/7/11,0.06
19/7/11,0.06
18/7/11,0.06
17/7/11,0.06
16/7/11,0.06
15/7/11,0.06
14/7/11,0.06
13/7/11,0.06
12/7/11,0.06
11/7/11,0.07
10/7/11,0.07
9/7/11,0.07
8/7/11,0.07
7/7/11,0.07
6/7/11,0.07
5/7/11,0.08
4/7/11,0.08
3/7/11,0.08
2/7/11,0.08
1/7/11,0.08
30/6/11,0.07
29/6/11,0.07
28/6/11,0.08
27/6/11,0.08
26/6/11,0.08
25/6/11,0.08
24/6/11,0.08
23/6/11,0.08
22/6/11,0.09
21/6/11,0.09
20/6/11,0.09
19/6/11,0.1
18/6/11,0.1
17/6/11,0.1
16/6/11,0.1
15/6/11,0.1
14/6/11,0.1
13/6/11,0.1
12/6/11,0.09
11/6/11,0.09
10/6/11,0.09
9/6/11,0.09
8/6/11,0.09
7/6/11,0.09
6/6/11,0.1
5/6/11,0.11
4/6/11,0.11
3/6/11,0.11
2/6/11,0.1
1/6/11,0.1
31/5/11,0.1
30/5/11,0.1
29/5/11,0.1
28/5/11,0.1
27/5/11,0.1
26/5/11,0.09
25/5/11,0.09
24/5/11,0.1
23/5/11,0.1
22/5/11,0.1
21/5/11,0.1
20/5/11,0.1
19/5/11,0.09
18/5/11,0.1
17/5/11,0.09
16/5/11,0.1
15/5/11,0.09
14/5/11,0.09
13/5/11,0.09
12/5/11,0.09
11/5/11,0.09
10/5/11,0.09
9/5/11,0.09
8/5/11,0.09
7/5/11,0.09
6/5/11,0.09
5/5/11,0.09
4/5/11,0.09
3/5/11,0.09
2/5/11,0.09
1/5/11,0.09
30/4/11,0.09
29/4/11,0.09
28/4/11,0.09
27/4/11,0.09
26/4/11,0.09
25/4/11,0.1
24/4/11,0.1
23/4/11,0.1
22/4/11,0.1
21/4/11,0.1
20/4/11,0.1
19/4/11,0.11
18/4/11,0.1
17/4/11,0.12
16/4/11,0.12
15/4/11,0.12
14/4/11,0.09
13/4/11,0.08
12/4/11,0.08
11/4/11,0.09
10/4/11,0.09
9/4/11,0.09
8/4/11,0.09
7/4/11,0.1
6/4/11,0.1
5/4/11,0.09
4/4/11,0.09
3/4/11,0.11
2/4/11,0.11
1/4/11,0.11
31/3/11,0.1
30/3/11,0.13
29/3/11,0.13
28/3/11,0.13
27/3/11,0.13
26/3/11,0.13
25/3/11,0.13
24/3/11,0.13
23/3/11,0.14
22/3/11,0.14
21/3/11,0.14
20/3/11,0.15
19/3/11,0.15
18/3/11,0.15
17/3/11,0.14
16/3/11,0.14
15/3/11,0.14
14/3/11,0.14
13/3/11,0.13
12/3/11,0.13
11/3/11,0.13
10/3/11,0.14
9/3/11,0.14
8/3/11,0.14
7/3/11,0.14
6/3/11,0.15
5/3/11,0.15
4/3/11,0.15
3/3/11,0.15
2/3/11,0.16
1/3/11,0.15
28/2/11,0.16
27/2/11,0.15
26/2/11,0.15
25/2/11,0.15
24/2/11,0.15
23/2/11,0.15
22/2/11,0.15
21/2/11,0.15
20/2/11,0.15
19/2/11,0.15
18/2/11,0.15
17/2/11,0.15
16/2/11,0.15
15/2/11,0.16
14/2/11,0.15
13/2/11,0.15
12/2/11,0.15
11/2/11,0.15
10/2/11,0.15
9/2/11,0.15
8/2/11,0.16
7/2/11,0.17
6/2/11,0.17
5/2/11,0.17
4/2/11,0.17
3/2/11,0.17
2/2/11,0.18
1/2/11,0.18
31/1/11,0.17
30/1/11,0.17
29/1/11,0.17
28/1/11,0.17
27/1/11,0.17
26/1/11,0.17
25/1/11,0.17
24/1/11,0.18
23/1/11,0.17
22/1/11,0.17
21/1/11,0.17
20/1/11,0.18
19/1/11,0.18
18/1/11,0.19
17/1/11,0.16
16/1/11,0.16
15/1/11,0.16
14/1/11,0.16
13/1/11,0.16
12/1/11,0.16
11/1/11,0.17
10/1/11,0.17
9/1/11,0.17
8/1/11,0.17
7/1/11,0.17
6/1/11,0.17
5/1/11,0.18
4/1/11,0.18
3/1/11,0.19
2/1/11,0.13
1/1/11,0.13
31/12/10,0.13
30/12/10,0.19
29/12/10,0.18
28/12/10,0.18
27/12/10,0.19
26/12/10,0.19
25/12/10,0.19
24/12/10,0.19
23/12/10,0.19
22/12/10,0.19
21/12/10,0.2
20/12/10,0.21
19/12/10,0.2
18/12/10,0.2
17/12/10,0.2
16/12/10,0.2
15/12/10,0.2
14/12/10,0.19
13/12/10,0.17
12/12/10,0.16
11/12/10,0.16
10/12/10,0.16
9/12/10,0.16
8/12/10,0.17
7/12/10,0.17
6/12/10,0.18
5/12/10,0.18
4/12/10,0.18
3/12/10,0.18
2/12/10,0.19
1/12/10,0.2
30/11/10,0.2
29/11/10,0.2
28/11/10,0.2
27/11/10,0.2
26/11/10,0.2
25/11/10,0.2
24/11/10,0.2
23/11/10,0.2
22/11/10,0.19
21/11/10,0.21
20/11/10,0.21
19/11/10,0.21
18/11/10,0.2
17/11/10,0.2
16/11/10,0.21
15/11/10,0.21
14/11/10,0.19
13/11/10,0.19
12/11/10,0.19
11/11/10,0.17
10/11/10,0.17
9/11/10,0.17
8/11/10,0.18
7/11/10,0.18
6/11/10,0.18
5/11/10,0.18
4/11/10,0.19
3/11/10,0.2
2/11/10,0.2
1/11/10,0.2
31/10/10,0.2
30/10/10,0.2
29/10/10,0.2
28/10/10,0.19
27/10/10,0.19
26/10/10,0.19
25/10/10,0.19
24/10/10,0.19
23/10/10,0.19
22/10/10,0.19
21/10/10,0.19
20/10/10,0.19
19/10/10,0.19
18/10/10,0.19
17/10/10,0.2
16/10/10,0.2
15/10/10,0.2
14/10/10,0.19
13/10/10,0.18
12/10/10,0.18
11/10/10,0.18
10/10/10,0.18
9/10/10,0.18
8/10/10,0.18
7/10/10,0.18
6/10/10,0.19
5/10/10,0.2
4/10/10,0.2
3/10/10,0.2
2/10/10,0.2
1/10/10,0.2
30/9/10,0.15
29/9/10,0.19
28/9/10,0.19
27/9/10,0.19
26/9/10,0.21
25/9/10,0.21
24/9/10,0.21
23/9/10,0.2
22/9/10,0.21
21/9/10,0.2
20/9/10,0.21
19/9/10,0.21
18/9/10,0.21
17/9/10,0.21
16/9/10,0.21
15/9/10,0.21
14/9/10,0.19
13/9/10,0.18
12/9/10,0.18
11/9/10,0.18
10/9/10,0.18
9/9/10,0.18
8/9/10,0.19
7/9/10,0.2
6/9/10,0.19
5/9/10,0.19
4/9/10,0.19
3/9/10,0.19
2/9/10,0.19
1/9/10,0.19
31/8/10,0.21
30/8/10,0.19
29/8/10,0.19
28/8/10,0.19
27/8/10,0.19
26/8/10,0.19
25/8/10,0.19
24/8/10,0.19
23/8/10,0.19
22/8/10,0.2
21/8/10,0.2
20/8/10,0.2
19/8/10,0.19
18/8/10,0.19
17/8/10,0.2
16/8/10,0.2
15/8/10,0.19
14/8/10,0.19
13/8/10,0.19
12/8/10,0.18
11/8/10,0.17
10/8/10,0.18
9/8/10,0.18
8/8/10,0.18
7/8/10,0.18
6/8/10,0.18
5/8/10,0.19
4/8/10,0.19
3/8/10,0.19
2/8/10,0.19
1/8/10,0.18
31/7/10,0.18
30/7/10,0.18
29/7/10,0.19
28/7/10,0.2
27/7/10,0.19
26/7/10,0.19
25/7/10,0.19
24/7/10,0.19
23/7/10,0.19
22/7/10,0.18
21/7/10,0.18
20/7/10,0.18
19/7/10,0.19
18/7/10,0.19
17/7/10,0.19
16/7/10,0.19
15/7/10,0.19
14/7/10,0.17
13/7/10,0.17
12/7/10,0.17
11/7/10,0.18
10/7/10,0.18
9/7/10,0.18
8/7/10,0.17
7/7/10,0.18
6/7/10,0.18
5/7/10,0.18
4/7/10,0.18
3/7/10,0.18
2/7/10,0.18
1/7/10,0.17
30/6/10,0.09
29/6/10,0.15
28/6/10,0.17
27/6/10,0.16
26/6/10,0.16
25/6/10,0.16
24/6/10,0.16
23/6/10,0.17
22/6/10,0.18
21/6/10,0.17
20/6/10,0.18
19/6/10,0.18
18/6/10,0.18
17/6/10,0.19
16/6/10,0.19
15/6/10,0.19
14/6/10,0.18
13/6/10,0.18
12/6/10,0.18
11/6/10,0.18
10/6/10,0.18
9/6/10,0.18
8/6/10,0.19
7/6/10,0.19
6/6/10,0.19
5/6/10,0.19
4/6/10,0.19
3/6/10,0.19
2/6/10,0.2
1/6/10,0.2
31/5/10,0.19
30/5/10,0.19
29/5/10,0.19
28/5/10,0.19
27/5/10,0.2
26/5/10,0.2
25/5/10,0.21
24/5/10,0.21
23/5/10,0.2
22/5/10,0.2
21/5/10,0.2
20/5/10,0.2
19/5/10,0.2
18/5/10,0.21
17/5/10,0.21
16/5/10,0.2
15/5/10,0.2
14/5/10,0.2
13/5/10,0.2
12/5/10,0.2
11/5/10,0.2
10/5/10,0.2
9/5/10,0.2
8/5/10,0.2
7/5/10,0.2
6/5/10,0.2
5/5/10,0.21
4/5/10,0.21
3/5/10,0.2
2/5/10,0.2
1/5/10,0.2
30/4/10,0.2
29/4/10,0.19
28/4/10,0.2
27/4/10,0.2
26/4/10,0.2
25/4/10,0.2
24/4/10,0.2
23/4/10,0.2
22/4/10,0.2
21/4/10,0.2
20/4/10,0.2
19/4/10,0.2
18/4/10,0.21
17/4/10,0.21
16/4/10,0.21
15/4/10,0.22
14/4/10,0.2
13/4/10,0.2
12/4/10,0.19
11/4/10,0.19
10/4/10,0.19
9/4/10,0.19
8/4/10,0.19
7/4/10,0.19
6/4/10,0.2
5/4/10,0.2
4/4/10,0.2
3/4/10,0.2
2/4/10,0.2
1/4/10,0.17
31/3/10,0.09
30/3/10,0.16
29/3/10,0.16
28/3/10,0.17
27/3/10,0.17
26/3/10,0.17
25/3/10,0.17
24/3/10,0.17
23/3/10,0.17
22/3/10,0.18
21/3/10,0.18
20/3/10,0.18
19/3/10,0.18
18/3/10,0.18
17/3/10,0.18
16/3/10,0.2
15/3/10,0.2
14/3/10,0.17
13/3/10,0.17
12/3/10,0.17
11/3/10,0.15
10/3/10,0.14
9/3/10,0.14
8/3/10,0.15
7/3/10,0.17
6/3/10,0.17
5/3/10,0.17
4/3/10,0.16
3/3/10,0.15
2/3/10,0.14
1/3/10,0.14
28/2/10,0.13
27/2/10,0.13
26/2/10,0.13
25/2/10,0.12
24/2/10,0.11
23/2/10,0.12
22/2/10,0.12
21/2/10,0.13
20/2/10,0.13
19/2/10,0.13
18/2/10,0.12
17/2/10,0.12
16/2/10,0.13
15/2/10,0.12
14/2/10,0.12
13/2/10,0.12
12/2/10,0.12
11/2/10,0.12
10/2/10,0.12
9/2/10,0.13
8/2/10,0.13
7/2/10,0.13
6/2/10,0.13
5/2/10,0.13
4/2/10,0.14
3/2/10,0.13
2/2/10,0.14
1/2/10,0.14
31/1/10,0.12
30/1/10,0.12
29/1/10,0.12
28/1/10,0.12
27/1/10,0.12
26/1/10,0.12
25/1/10,0.12
24/1/10,0.11
23/1/10,0.11
22/1/10,0.11
21/1/10,0.12
20/1/10,0.13
19/1/10,0.13
18/1/10,0.12
17/1/10,0.12
16/1/10,0.12
15/1/10,0.12
14/1/10,0.11
13/1/10,0.11
12/1/10,0.11
11/1/10,0.11
10/1/10,0.11
9/1/10,0.11
8/1/10,0.11
7/1/10,0.1
6/1/10,0.12
5/1/10,0.12
4/1/10,0.12
3/1/10,0.05
2/1/10,0.05
1/1/10,0.05
31/12/09,0.05
30/12/09,0.11
29/12/09,0.12
28/12/09,0.12
27/12/09,0.11
26/12/09,0.11
25/12/09,0.11
24/12/09,0.11
23/12/09,0.11
22/12/09,0.12
21/12/09,0.12
20/12/09,0.12
19/12/09,0.12
18/12/09,0.12
17/12/09,0.13
16/12/09,0.14
15/12/09,0.13
14/12/09,0.12
13/12/09,0.12
12/12/09,0.12
11/12/09,0.12
10/12/09,0.12
9/12/09,0.12
8/12/09,0.12
7/12/09,0.12
6/12/09,0.12
5/12/09,0.12
4/12/09,0.12
3/12/09,0.13
2/12/09,0.13
1/12/09,0.13
30/11/09,0.13
29/11/09,0.12
28/11/09,0.12
27/11/09,0.12
26/11/09,0.11
25/11/09,0.11
24/11/09,0.12
23/11/09,0.12
22/11/09,0.11
21/11/09,0.11
20/11/09,0.11
19/11/09,0.11
18/11/09,0.11
17/11/09,0.12
16/11/09,0.12
15/11/09,0.12
14/11/09,0.12
13/11/09,0.12
12/11/09,0.12
11/11/09,0.13
10/11/09,0.13
9/11/09,0.12
8/11/09,0.12
7/11/09,0.12
6/11/09,0.12
5/11/09,0.13
4/11/09,0.13
3/11/09,0.12
2/11/09,0.12
1/11/09,0.11
31/10/09,0.11
30/10/09,0.11
29/10/09,0.11
28/10/09,0.11
27/10/09,0.11
26/10/09,0.11
25/10/09,0.11
24/10/09,0.11
23/10/09,0.11
22/10/09,0.11
21/10/09,0.11
20/10/09,0.12
19/10/09,0.12
18/10/09,0.12
17/10/09,0.12
16/10/09,0.12
15/10/09,0.13
14/10/09,0.12
13/10/09,0.12
12/10/09,0.12
11/10/09,0.12
10/10/09,0.12
9/10/09,0.12
8/10/09,0.12
7/10/09,0.13
6/10/09,0.12
5/10/09,0.13
4/10/09,0.13
3/10/09,0.13
2/10/09,0.13
1/10/09,0.11
30/9/09,0.07
29/9/09,0.11
28/9/09,0.13
27/9/09,0.13
26/9/09,0.13
25/9/09,0.13
24/9/09,0.14
23/9/09,0.15
22/9/09,0.15
21/9/09,0.15
20/9/09,0.16
19/9/09,0.16
18/9/09,0.16
17/9/09,0.16
16/9/09,0.17
15/9/09,0.17
14/9/09,0.16
13/9/09,0.15
12/9/09,0.15
11/9/09,0.15
10/9/09,0.16
9/9/09,0.15
8/9/09,0.15
7/9/09,0.15
6/9/09,0.15
5/9/09,0.15
4/9/09,0.15
3/9/09,0.15
2/9/09,0.16
1/9/09,0.15
31/8/09,0.15
30/8/09,0.14
29/8/09,0.14
28/8/09,0.14
27/8/09,0.14
26/8/09,0.15
25/8/09,0.15
24/8/09,0.16
23/8/09,0.16
22/8/09,0.16
21/8/09,0.16
20/8/09,0.17
19/8/09,0.17
18/8/09,0.17
17/8/09,0.17
16/8/09,0.15
15/8/09,0.15
14/8/09,0.15
13/8/09,0.15
12/8/09,0.15
11/8/09,0.16
10/8/09,0.17
9/8/09,0.17
8/8/09,0.17
7/8/09,0.17
6/8/09,0.17
5/8/09,0.17
4/8/09,0.17
3/8/09,0.18
2/8/09,0.18
1/8/09,0.18
31/7/09,0.18
30/7/09,0.17
29/7/09,0.17
28/7/09,0.15
27/7/09,0.16
26/7/09,0.15
25/7/09,0.15
24/7/09,0.15
23/7/09,0.15
22/7/09,0.14
21/7/09,0.14
20/7/09,0.15
19/7/09,0.15
18/7/09,0.15
17/7/09,0.15
16/7/09,0.15
15/7/09,0.14
14/7/09,0.13
13/7/09,0.13
12/7/09,0.15
11/7/09,0.15
10/7/09,0.15
9/7/09,0.15
8/7/09,0.16
7/7/09,0.18
6/7/09,0.18
5/7/09,0.16
4/7/09,0.16
3/7/09,0.16
2/7/09,0.17
1/7/09,0.2
30/6/09,0.22
29/6/09,0.17
28/6/09,0.18
27/6/09,0.18
26/6/09,0.18
25/6/09,0.19
24/6/09,0.21
23/6/09,0.24
22/6/09,0.24
21/6/09,0.25
20/6/09,0.25
19/6/09,0.25
18/6/09,0.25
17/6/09,0.24
16/6/09,0.22
15/6/09,0.22
14/6/09,0.17
13/6/09,0.17
12/6/09,0.17
11/6/09,0.17
10/6/09,0.18
9/6/09,0.18
8/6/09,0.21
7/6/09,0.21
6/6/09,0.21
5/6/09,0.21
4/6/09,0.2
3/6/09,0.21
2/6/09,0.2
1/6/09,0.21
31/5/09,0.19
30/5/09,0.19
29/5/09,0.19
28/5/09,0.17
27/5/09,0.17
26/5/09,0.18
25/5/09,0.17
24/5/09,0.17
23/5/09,0.17
22/5/09,0.17
21/5/09,0.17
20/5/09,0.14
19/5/09,0.15
18/5/09,0.16
17/5/09,0.17
16/5/09,0.17
15/5/09,0.17
14/5/09,0.16
13/5/09,0.16
12/5/09,0.16
11/5/09,0.17
10/5/09,0.17
9/5/09,0.17
8/5/09,0.17
7/5/09,0.18
6/5/09,0.18
5/5/09,0.2
4/5/09,0.22
3/5/09,0.22
2/5/09,0.22
1/5/09,0.22
30/4/09,0.2
29/4/09,0.18
28/4/09,0.16
27/4/09,0.17
26/4/09,0.16
25/4/09,0.16
24/4/09,0.16
23/4/09,0.17
22/4/09,0.15
21/4/09,0.15
20/4/09,0.14
19/4/09,0.13
18/4/09,0.13
17/4/09,0.13
16/4/09,0.15
15/4/09,0.16
14/4/09,0.16
13/4/09,0.13
12/4/09,0.15
11/4/09,0.15
10/4/09,0.15
9/4/09,0.14
8/4/09,0.14
7/4/09,0.14
6/4/09,0.14
5/4/09,0.13
4/4/09,0.13
3/4/09,0.13
2/4/09,0.16
1/4/09,0.16
31/3/09,0.16
30/3/09,0.16
29/3/09,0.15
28/3/09,0.15
27/3/09,0.15
26/3/09,0.16
25/3/09,0.17
24/3/09,0.17
23/3/09,0.17
22/3/09,0.18
21/3/09,0.18
20/3/09,0.18
19/3/09,0.17
18/3/09,0.18
17/3/09,0.2
16/3/09,0.2
15/3/09,0.15
14/3/09,0.15
13/3/09,0.15
12/3/09,0.18
11/3/09,0.19
10/3/09,0.2
9/3/09,0.2
8/3/09,0.2
7/3/09,0.2
6/3/09,0.2
5/3/09,0.2
4/3/09,0.21
3/3/09,0.2
2/3/09,0.22
1/3/09,0.22
28/2/09,0.22
27/2/09,0.22
26/2/09,0.22
25/2/09,0.21
24/2/09,0.21
23/2/09,0.19
22/2/09,0.2
21/2/09,0.2
20/2/09,0.2
19/2/09,0.21
18/2/09,0.23
17/2/09,0.25
16/2/09,0.22
15/2/09,0.22
14/2/09,0.22
13/2/09,0.22
12/2/09,0.23
11/2/09,0.22
10/2/09,0.24
9/2/09,0.22
8/2/09,0.23
7/2/09,0.23
6/2/09,0.23
5/2/09,0.23
4/2/09,0.24
3/2/09,0.24
2/2/09,0.24
1/2/09,0.23
31/1/09,0.23
30/1/09,0.23
29/1/09,0.23
28/1/09,0.19
27/1/09,0.18
26/1/09,0.19
25/1/09,0.18
24/1/09,0.18
23/1/09,0.18
22/1/09,0.21
21/1/09,0.23
20/1/09,0.2
19/1/09,0.19
18/1/09,0.19
17/1/09,0.19
16/1/09,0.19
15/1/09,0.18
14/1/09,0.15
13/1/09,0.1
12/1/09,0.1
11/1/09,0.09
10/1/09,0.09
9/1/09,0.09
8/1/09,0.1
7/1/09,0.11
6/1/09,0.09
5/1/09,0.11
4/1/09,0.08
3/1/09,0.08
2/1/09,0.08
1/1/09,0.14
31/12/08,0.14
30/12/08,0.09
29/12/08,0.1
28/12/08,0.09
27/12/08,0.09
26/12/08,0.09
25/12/08,0.11
24/12/08,0.11
23/12/08,0.11
22/12/08,0.11
21/12/08,0.11
20/12/08,0.11
19/12/08,0.11
18/12/08,0.11
17/12/08,0.12
16/12/08,0.17
15/12/08,0.18
14/12/08,0.15
13/12/08,0.15
12/12/08,0.15
11/12/08,0.14
10/12/08,0.11
9/12/08,0.13
8/12/08,0.12
7/12/08,0.12
6/12/08,0.12
5/12/08,0.12
4/12/08,0.2
3/12/08,0.36
2/12/08,0.47
1/12/08,0.52
30/11/08,0.52
29/11/08,0.52
28/11/08,0.52
27/11/08,0.53
26/11/08,0.53
25/11/08,0.59
24/11/08,0.62
23/11/08,0.57
22/11/08,0.57
21/11/08,0.57
20/11/08,0.49
19/11/08,0.38
18/11/08,0.38
17/11/08,0.37
16/11/08,0.34
15/11/08,0.34
14/11/08,0.34
13/11/08,0.35
12/11/08,0.35
11/11/08,0.29
10/11/08,0.29
9/11/08,0.27
8/11/08,0.27
7/11/08,0.27
6/11/08,0.23
5/11/08,0.23
4/11/08,0.23
3/11/08,0.23
2/11/08,0.22
1/11/08,0.22
31/10/08,0.22
30/10/08,0.3
29/10/08,0.36
28/10/08,0.67
27/10/08,0.92
26/10/08,0.95
25/10/08,0.95
24/10/08,0.95
23/10/08,0.93
22/10/08,0.81
21/10/08,0.67
20/10/08,0.7
19/10/08,0.6
18/10/08,0.6
17/10/08,0.6
16/10/08,0.83
15/10/08,1.04
14/10/08,1.1
13/10/08,0.79
12/10/08,0.79
11/10/08,0.79
10/10/08,0.79
9/10/08,1.4
8/10/08,2.24
7/10/08,2.97
6/10/08,1.96
5/10/08,1.1
4/10/08,1.1
3/10/08,1.1
2/10/08,0.67
1/10/08,1.15
30/9/08,2.03
29/9/08,1.56
28/9/08,1.08
27/9/08,1.08
26/9/08,1.08
25/9/08,1.23
24/9/08,1.19
23/9/08,1.46
22/9/08,1.51
21/9/08,1.48
20/9/08,1.48
19/9/08,1.48
18/9/08,2.16
17/9/08,2.8
16/9/08,1.98
15/9/08,2.64
14/9/08,2.1
13/9/08,2.1
12/9/08,2.1
11/9/08,2
10/9/08,2.12
9/9/08,1.96
8/9/08,1.92
7/9/08,1.97
6/9/08,1.97
5/9/08,1.97
4/9/08,1.99
3/9/08,2.01
2/9/08,1.96
1/9/08,1.94
31/8/08,1.94
30/8/08,1.94
29/8/08,1.94
28/8/08,1.99
27/8/08,1.98
26/8/08,1.88
25/8/08,2.01
24/8/08,2.02
23/8/08,2.02
22/8/08,2.02
21/8/08,2.01
20/8/08,1.98
19/8/08,1.94
18/8/08,1.91
17/8/08,2.08
16/8/08,2.08
15/8/08,2.08
14/8/08,2.09
13/8/08,1.98
12/8/08,1.95
11/8/08,1.99
10/8/08,2.01
9/8/08,2.01
8/8/08,2.01
7/8/08,1.96
6/8/08,2.01
5/8/08,1.97
4/8/08,1.97
3/8/08,2.04
2/8/08,2.04
1/8/08,2.04
31/7/08,2.09
30/7/08,2.03
29/7/08,2.05
28/7/08,2
27/7/08,2.13
26/7/08,2.13
25/7/08,2.13
24/7/08,2.06
23/7/08,2.04
22/7/08,1.97
21/7/08,1.98
20/7/08,1.96
19/7/08,1.96
18/7/08,1.96
17/7/08,2.03
16/7/08,1.95
15/7/08,2.16
14/7/08,2.06
13/7/08,1.97
12/7/08,1.97
11/7/08,1.97
10/7/08,2.01
9/7/08,1.99
8/7/08,1.97
7/7/08,1.99
6/7/08,1.92
5/7/08,1.92
4/7/08,1.92
3/7/08,1.92
2/7/08,1.95
1/7/08,2.11
30/6/08,2.47
29/6/08,1.99
28/6/08,1.99
27/6/08,1.99
26/6/08,2.05
25/6/08,1.97
24/6/08,1.93
23/6/08,1.98
22/6/08,1.99
21/6/08,1.99
20/6/08,1.99
19/6/08,1.94
18/6/08,1.84
17/6/08,1.87
16/6/08,2.06
15/6/08,2.02
14/6/08,2.02
13/6/08,2.02
12/6/08,2.01
11/6/08,1.95
10/6/08,1.96
9/6/08,2.02
8/6/08,2.01
7/6/08,2.01
6/6/08,2.01
5/6/08,1.98
4/6/08,1.98
3/6/08,1.95
2/6/08,2.06
1/6/08,1.98
31/5/08,1.98
30/5/08,1.98
29/5/08,2.01
28/5/08,2.08
27/5/08,2.23
26/5/08,1.99
25/5/08,1.99
24/5/08,1.99
23/5/08,1.99
22/5/08,2.05
21/5/08,2.03
20/5/08,1.99
19/5/08,1.95
18/5/08,1.91
17/5/08,1.91
16/5/08,1.91
15/5/08,2.03
14/5/08,2.03
13/5/08,1.93
12/5/08,1.88
11/5/08,1.97
10/5/08,1.97
9/5/08,1.97
8/5/08,1.99
7/5/08,2.01
6/5/08,1.91
5/5/08,1.85
4/5/08,1.88
3/5/08,1.88
2/5/08,1.88
1/5/08,2.16
30/4/08,2.37
29/4/08,2.21
28/4/08,2.29
27/4/08,2.28
26/4/08,2.28
25/4/08,2.28
24/4/08,2.26
23/4/08,2.18
22/4/08,1.99
21/4/08,2.28
20/4/08,2.32
19/4/08,2.32
18/4/08,2.32
17/4/08,2.37
16/4/08,2.35
15/4/08,2.32
14/4/08,2.32
13/4/08,2.37
12/4/08,2.37
11/4/08,2.37
10/4/08,2.3
9/4/08,2.2
8/4/08,2.23
7/4/08,2.24
6/4/08,2.26
5/4/08,2.26
4/4/08,2.26
3/4/08,2.19
2/4/08,2.18
1/4/08,2.38
31/3/08,2.51
30/3/08,2.09
29/3/08,2.09
28/3/08,2.09
27/3/08,2.27
26/3/08,2.3
25/3/08,2.42
24/3/08,2.08
23/3/08,2.08
22/3/08,2.08
21/3/08,2.08
20/3/08,2.22
19/3/08,2.08
18/3/08,2.16
17/3/08,2.69
16/3/08,2.99
15/3/08,2.99
14/3/08,2.99
13/3/08,2.98
12/3/08,2.97
11/3/08,2.95
10/3/08,2.99
9/3/08,2.96
8/3/08,2.96
7/3/08,2.96
6/3/08,2.99
5/3/08,2.93
4/3/08,2.9
3/3/08,3.1
2/3/08,3.01
1/3/08,3.01
29/2/08,3.01
28/2/08,3.06
27/2/08,2.93
26/2/08,2.85
25/2/08,3
24/2/08,2.97
23/2/08,2.97
22/2/08,2.97
21/2/08,3.01
20/2/08,3
19/2/08,2.94
18/2/08,2.97
17/2/08,2.97
16/2/08,2.97
15/2/08,2.97
14/2/08,3.03
13/2/08,3.02
12/2/08,2.91
11/2/08,2.88
10/2/08,3.05
9/2/08,3.05
8/2/08,3.05
7/2/08,3.03
6/2/08,2.94
5/2/08,2.71
4/2/08,2.82
3/2/08,3.12
2/2/08,3.12
1/2/08,3.12
31/1/08,3.22
30/1/08,3.26
29/1/08,3.47
28/1/08,3.5
27/1/08,3.6
26/1/08,3.6
25/1/08,3.6
24/1/08,3.47
23/1/08,3.43
22/1/08,3.68
21/1/08,4.17
20/1/08,4.17
19/1/08,4.17
18/1/08,4.17
17/1/08,4.23
16/1/08,4.22
15/1/08,4.24
14/1/08,4.24
13/1/08,4.23
12/1/08,4.23
11/1/08,4.23
10/1/08,4.26
9/1/08,4.26
8/1/08,4.27
7/1/08,4.27
6/1/08,4.18
5/1/08,4.18
4/1/08,4.18
3/1/08,4.25
2/1/08,4.11
1/1/08,3.06
31/12/07,3.06
30/12/07,4.01
29/12/07,4.01
28/12/07,4.01
27/12/07,4.15
26/12/07,4.26
25/12/07,4
24/12/07,4
23/12/07,4.28
22/12/07,4.28
21/12/07,4.28
20/12/07,4.37
19/12/07,3.98
18/12/07,4.16
17/12/07,4.31
16/12/07,4.24
15/12/07,4.24
14/12/07,4.24
13/12/07,4.3
12/12/07,4.28
11/12/07,4.29
10/12/07,4.46
9/12/07,4.41
8/12/07,4.41
7/12/07,4.41
6/12/07,4.49
5/12/07,4.31
4/12/07,4.5
3/12/07,4.52
2/12/07,4.66
1/12/07,4.66
30/11/07,4.66
29/11/07,4.55
28/11/07,4.53
27/11/07,4.39
26/11/07,4.62
25/11/07,4.56
24/11/07,4.56
23/11/07,4.56
22/11/07,4.5
21/11/07,4.5
20/11/07,4.51
19/11/07,4.51
18/11/07,4.51
17/11/07,4.51
16/11/07,4.51
15/11/07,4.54
14/11/07,4.6
13/11/07,4.61
12/11/07,4.49
11/11/07,4.49
10/11/07,4.49
9/11/07,4.49
8/11/07,4.58
7/11/07,4.39
6/11/07,4.22
5/11/07,4.29
4/11/07,4.28
3/11/07,4.28
2/11/07,4.28
1/11/07,4.59
31/10/07,4.6
30/10/07,4.78
29/10/07,4.84
28/10/07,4.8
27/10/07,4.8
26/10/07,4.8
25/10/07,4.86
24/10/07,4.74
23/10/07,4.67
22/10/07,4.71
21/10/07,4.77
20/10/07,4.77
19/10/07,4.77
18/10/07,4.69
17/10/07,4.7
16/10/07,4.68
15/10/07,4.81
14/10/07,4.75
13/10/07,4.75
12/10/07,4.75
11/10/07,4.75
10/10/07,4.52
9/10/07,4.91
8/10/07,4.77
7/10/07,4.77
6/10/07,4.77
5/10/07,4.77
4/10/07,4.74
3/10/07,4.68
2/10/07,4.78
1/10/07,4.92
30/9/07,4.58
29/9/07,4.58
28/9/07,4.58
27/9/07,4.93
26/9/07,4.88
25/9/07,4.82
24/9/07,4.74
23/9/07,4.76
22/9/07,4.76
21/9/07,4.76
20/9/07,4.77
19/9/07,4.74
18/9/07,4.92
17/9/07,5.33
16/9/07,5.25
15/9/07,5.25
14/9/07,5.25
13/9/07,5.09
12/9/07,5.18
11/9/07,5.06
10/9/07,5.07
9/9/07,4.86
8/9/07,4.86
7/9/07,4.86
6/9/07,4.98
5/9/07,5.18
4/9/07,5.22
3/9/07,4.96
2/9/07,4.96
1/9/07,4.96
31/8/07,4.96
30/8/07,5
29/8/07,5
28/8/07,5.3
27/8/07,5.27
26/8/07,5.11
25/8/07,5.11
24/8/07,5.11
23/8/07,4.88
22/8/07,4.77
21/8/07,4.89
20/8/07,5.03
19/8/07,4.91
18/8/07,4.91
17/8/07,4.91
16/8/07,4.97
15/8/07,4.71
14/8/07,4.54
13/8/07,4.81
12/8/07,4.68
11/8/07,4.68
10/8/07,4.68
9/8/07,5.41
8/8/07,5.27
7/8/07,5.26
6/8/07,5.26
5/8/07,5.24
4/8/07,5.24
3/8/07,5.24
2/8/07,5.24
1/8/07,5.3
31/7/07,5.28
30/7/07,5.29
29/7/07,5.25
28/7/07,5.25
27/7/07,5.25
26/7/07,5.28
25/7/07,5.32
24/7/07,5.25
23/7/07,5.26
22/7/07,5.25
21/7/07,5.25
20/7/07,5.25
19/7/07,5.25
18/7/07,5.26
17/7/07,5.28
16/7/07,5.32
15/7/07,5.25
14/7/07,5.25
13/7/07,5.25
12/7/07,5.26
11/7/07,5.24
10/7/07,5.24
9/7/07,5.22
8/7/07,5.22
7/7/07,5.22
6/7/07,5.22
5/7/07,5.25
4/7/07,5.24
3/7/07,5.24
2/7/07,5.31
1/7/07,5.31
30/6/07,5.31
29/6/07,5.31
28/6/07,5.26
27/6/07,5.26
26/6/07,5.25
25/6/07,5.29
24/6/07,5.24
23/6/07,5.24
22/6/07,5.24
21/6/07,5.26
20/6/07,5.27
19/6/07,5.21
18/6/07,5.23
17/6/07,5.26
16/6/07,5.26
15/6/07,5.26
14/6/07,5.28
13/6/07,5.26
12/6/07,5.26
11/6/07,5.27
10/6/07,5.26
9/6/07,5.26
8/6/07,5.26
7/6/07,5.25
6/6/07,5.25
5/6/07,5.19
4/6/07,5.24
3/6/07,5.23
2/6/07,5.23
1/6/07,5.23
31/5/07,5.28
30/5/07,5.25
29/5/07,5.29
28/5/07,5.29
27/5/07,5.29
26/5/07,5.29
25/5/07,5.29
24/5/07,5.24
23/5/07,5.25
22/5/07,5.23
21/5/07,5.24
20/5/07,5.24
19/5/07,5.24
18/5/07,5.24
17/5/07,5.25
16/5/07,5.25
15/5/07,5.29
14/5/07,5.26
13/5/07,5.27
12/5/07,5.27
11/5/07,5.27
10/5/07,5.25
9/5/07,5.21
8/5/07,5.21
7/5/07,5.24
6/5/07,5.24
5/5/07,5.24
4/5/07,5.24
3/5/07,5.24
2/5/07,5.21
1/5/07,5.26
30/4/07,5.29
29/4/07,5.24
28/4/07,5.24
27/4/07,5.24
26/4/07,5.24
25/4/07,5.19
24/4/07,5.2
23/4/07,5.23
22/4/07,5.25
21/4/07,5.25
20/4/07,5.25
19/4/07,5.23
18/4/07,5.19
17/4/07,5.2
16/4/07,5.29
15/4/07,5.25
14/4/07,5.25
13/4/07,5.25
12/4/07,5.27
11/4/07,5.24
10/4/07,5.26
9/4/07,5.28
8/4/07,5.3
7/4/07,5.3
6/4/07,5.3
5/4/07,5.3
4/4/07,5.21
3/4/07,5.2
2/4/07,5.25
1/4/07,5.3
31/3/07,5.3
30/3/07,5.3
29/3/07,5.29
28/3/07,5.27
27/3/07,5.25
26/3/07,5.28
25/3/07,5.24
24/3/07,5.24
23/3/07,5.24
22/3/07,5.27
21/3/07,5.26
20/3/07,5.26
19/3/07,5.26
18/3/07,5.25
17/3/07,5.25
16/3/07,5.25
15/3/07,5.29
14/3/07,5.27
13/3/07,5.25
12/3/07,5.25
11/3/07,5.24
10/3/07,5.24
9/3/07,5.24
8/3/07,5.24
7/3/07,5.24
6/3/07,5.22
5/3/07,5.27
4/3/07,5.23
3/3/07,5.23
2/3/07,5.23
1/3/07,5.31
28/2/07,5.41
27/2/07,5.27
26/2/07,5.3
25/2/07,5.24
24/2/07,5.24
23/2/07,5.24
22/2/07,5.26
21/2/07,5.23
20/2/07,5.27
19/2/07,5.24
18/2/07,5.24
17/2/07,5.24
16/2/07,5.24
15/2/07,5.29
14/2/07,5.27
13/2/07,5.26
12/2/07,5.28
11/2/07,5.25
10/2/07,5.25
9/2/07,5.25
8/2/07,5.25
7/2/07,5.23
6/2/07,5.24
5/2/07,5.25
4/2/07,5.24
3/2/07,5.24
2/2/07,5.24
1/2/07,5.29
31/1/07,5.33
30/1/07,5.23
29/1/07,5.26
28/1/07,5.26
27/1/07,5.26
26/1/07,5.26
25/1/07,5.31
24/1/07,5.27
23/1/07,5.26
22/1/07,5.24
21/1/07,5.25
20/1/07,5.25
19/1/07,5.25
18/1/07,5.23
17/1/07,5.25
16/1/07,5.28
15/1/07,5.22
14/1/07,5.22
13/1/07,5.22
12/1/07,5.22
11/1/07,5.27
10/1/07,5.26
9/1/07,5.25
8/1/07,5.23
7/1/07,5.21
6/1/07,5.21
5/1/07,5.21
4/1/07,5.24
3/1/07,5.28
2/1/07,5.3
1/1/07,5.17
31/12/06,5.17
30/12/06,5.17
29/12/06,5.17
28/12/06,5.25
27/12/06,5.17
26/12/06,5.29
25/12/06,5.24
24/12/06,5.24
23/12/06,5.24
22/12/06,5.24
21/12/06,5.25
20/12/06,5.26
19/12/06,5.21
18/12/06,5.21
17/12/06,5.27
16/12/06,5.27
15/12/06,5.27
14/12/06,5.29
13/12/06,5.23
12/12/06,5.23
11/12/06,5.25
10/12/06,5.25
9/12/06,5.25
8/12/06,5.25
7/12/06,5.25
6/12/06,5.22
5/12/06,5.21
4/12/06,5.22
3/12/06,5.27
2/12/06,5.27
1/12/06,5.27
30/11/06,5.31
29/11/06,5.26
28/11/06,5.24
27/11/06,5.32
26/11/06,5.24
25/11/06,5.24
24/11/06,5.24
23/11/06,5.26
22/11/06,5.26
21/11/06,5.29
20/11/06,5.25
19/11/06,5.2
18/11/06,5.2
17/11/06,5.2
16/11/06,5.25
15/11/06,5.29
14/11/06,5.25
13/11/06,5.27
12/11/06,5.23
11/11/06,5.23
10/11/06,5.23
9/11/06,5.23
8/11/06,5.22
7/11/06,5.22
6/11/06,5.24
5/11/06,5.25
4/11/06,5.25
3/11/06,5.25
2/11/06,5.22
1/11/06,5.23
31/10/06,5.31
30/10/06,5.27
29/10/06,5.23
28/10/06,5.23
27/10/06,5.23
26/10/06,5.23
25/10/06,5.26
24/10/06,5.24
23/10/06,5.24
22/10/06,5.25
21/10/06,5.25
20/10/06,5.25
19/10/06,5.22
18/10/06,5.23
17/10/06,5.21
16/10/06,5.28
15/10/06,5.21
14/10/06,5.21
13/10/06,5.21
12/10/06,5.25
11/10/06,5.25
10/10/06,5.28
9/10/06,5.22
8/10/06,5.22
7/10/06,5.22
6/10/06,5.22
5/10/06,5.23
4/10/06,5.23
3/10/06,5.25
2/10/06,5.33
1/10/06,5.34
30/9/06,5.34
29/9/06,5.34
28/9/06,5.28
27/9/06,5.3
26/9/06,5.25
25/9/06,5.3
24/9/06,5.27
23/9/06,5.27
22/9/06,5.27
21/9/06,5.24
20/9/06,5.23
19/9/06,5.21
18/9/06,5.23
17/9/06,5.25
16/9/06,5.25
15/9/06,5.25
14/9/06,5.26
13/9/06,5.26
12/9/06,5.21
11/9/06,5.24
10/9/06,5.23
9/9/06,5.23
8/9/06,5.23
7/9/06,5.23
6/9/06,5.21
5/9/06,5.26
4/9/06,5.25
3/9/06,5.25
2/9/06,5.25
1/9/06,5.25
31/8/06,5.31
30/8/06,5.25
29/8/06,5.23
28/8/06,5.25
27/8/06,5.25
26/8/06,5.25
25/8/06,5.25
24/8/06,5.25
23/8/06,5.25
22/8/06,5.24
21/8/06,5.24
20/8/06,5.25
19/8/06,5.25
18/8/06,5.25
17/8/06,5.2
16/8/06,5.17
15/8/06,5.24
14/8/06,5.26
13/8/06,5.24
12/8/06,5.24
11/8/06,5.24
10/8/06,5.24
9/8/06,5.25
8/8/06,5.26
7/8/06,5.24
6/8/06,5.25
5/8/06,5.25
4/8/06,5.25
3/8/06,5.27
2/8/06,5.25
1/8/06,5.27
31/7/06,5.31
30/7/06,5.26
29/7/06,5.26
28/7/06,5.26
27/7/06,5.27
26/7/06,5.24
25/7/06,5.24
24/7/06,5.24
23/7/06,5.23
22/7/06,5.23
21/7/06,5.23
20/7/06,5.24
19/7/06,5.23
18/7/06,5.22
17/7/06,5.28
16/7/06,5.26
15/7/06,5.26
14/7/06,5.26
13/7/06,5.26
12/7/06,5.27
11/7/06,5.25
10/7/06,5.24
9/7/06,5.22
8/7/06,5.22
7/7/06,5.22
6/7/06,5.24
5/7/06,5.25
4/7/06,5.25
3/7/06,5.25
2/7/06,5.05
1/7/06,5.05
30/6/06,5.05
29/6/06,5.08
28/6/06,5.06
27/6/06,5.02
26/6/06,5.03
25/6/06,4.98
24/6/06,4.98
23/6/06,4.98
22/6/06,4.98
21/6/06,4.91
20/6/06,4.92
19/6/06,4.95
18/6/06,4.94
17/6/06,4.94
16/6/06,4.94
15/6/06,5.02
14/6/06,5
13/6/06,5
12/6/06,5.01
11/6/06,5
10/6/06,5
9/6/06,5
8/6/06,5.02
7/6/06,4.99
6/6/06,4.99
5/6/06,5.01
4/6/06,4.97
3/6/06,4.97
2/6/06,4.97
1/6/06,5.02
31/5/06,5.05
30/5/06,5.02
29/5/06,4.99
28/5/06,4.99
27/5/06,4.99
26/5/06,4.99
25/5/06,5.01
24/5/06,4.9
23/5/06,4.94
22/5/06,5
21/5/06,5
20/5/06,5
19/5/06,5
18/5/06,5
17/5/06,4.96
16/5/06,4.98
15/5/06,5.01
14/5/06,5.01
13/5/06,5.01
12/5/06,5.01
11/5/06,4.99
10/5/06,4.88
9/5/06,4.78
8/5/06,4.88
7/5/06,4.83
6/5/06,4.83
5/5/06,4.83
4/5/06,4.83
3/5/06,4.81
2/5/06,4.79
1/5/06,4.84
30/4/06,4.86
29/4/06,4.86
28/4/06,4.86
27/4/06,4.79
26/4/06,4.73
25/4/06,4.74
24/4/06,4.77
23/4/06,4.74
22/4/06,4.74
21/4/06,4.74
20/4/06,4.73
19/4/06,4.7
18/4/06,4.72
17/4/06,4.78
16/4/06,4.8
15/4/06,4.8
14/4/06,4.8
13/4/06,4.82
12/4/06,4.78
11/4/06,4.74
10/4/06,4.78
9/4/06,4.76
8/4/06,4.76
7/4/06,4.76
6/4/06,4.76
5/4/06,4.76
4/4/06,4.76
3/4/06,4.87
2/4/06,5
1/4/06,5
31/3/06,5
30/3/06,4.76
29/3/06,4.69
28/3/06,4.7
27/3/06,4.77
26/3/06,4.69
25/3/06,4.69
24/3/06,4.69
23/3/06,4.64
22/3/06,4.58
21/3/06,4.54
20/3/06,4.55
19/3/06,4.6
18/3/06,4.6
17/3/06,4.6
16/3/06,4.55
15/3/06,4.47
14/3/06,4.51
13/3/06,4.52
12/3/06,4.51
11/3/06,4.51
10/3/06,4.51
9/3/06,4.51
8/3/06,4.51
7/3/06,4.51
6/3/06,4.51
5/3/06,4.51
4/3/06,4.51
3/3/06,4.51
2/3/06,4.5
1/3/06,4.52
28/2/06,4.52
27/2/06,4.52
26/2/06,4.48
25/2/06,4.48
24/2/06,4.48
23/2/06,4.47
22/2/06,4.49
21/2/06,4.54
20/2/06,4.48
19/2/06,4.48
18/2/06,4.48
17/2/06,4.48
16/2/06,4.48
15/2/06,4.5
14/2/06,4.45
13/2/06,4.44
12/2/06,4.51
11/2/06,4.51
10/2/06,4.51
9/2/06,4.52
8/2/06,4.48
7/2/06,4.47
6/2/06,4.51
5/2/06,4.51
4/2/06,4.51
3/2/06,4.51
2/2/06,4.48
1/2/06,4.47
31/1/06,4.47
30/1/06,4.48
29/1/06,4.42
28/1/06,4.42
27/1/06,4.42
26/1/06,4.37
25/1/06,4.36
24/1/06,4.28
23/1/06,4.26
22/1/06,4.24
21/1/06,4.24
20/1/06,4.24
19/1/06,4.23
18/1/06,4.24
17/1/06,4.32
16/1/06,4.3
15/1/06,4.3
14/1/06,4.3
13/1/06,4.3
12/1/06,4.28
11/1/06,4.24
10/1/06,4.24
9/1/06,4.25
8/1/06,4.22
7/1/06,4.22
6/1/06,4.22
5/1/06,4.24
4/1/06,4.22
3/1/06,4.34
2/1/06,4.09
1/1/06,4.09
31/12/05,4.09
30/12/05,4.09
29/12/05,4.18
28/12/05,4.19
27/12/05,4.26
26/12/05,4.21
25/12/05,4.21
24/12/05,4.21
23/12/05,4.21
22/12/05,4.25
21/12/05,4.08
20/12/05,4.3
19/12/05,4.25
18/12/05,4.25
17/12/05,4.25
16/12/05,4.25
15/12/05,4.29
14/12/05,4.26
13/12/05,4.23
12/12/05,4.24
11/12/05,4.16
10/12/05,4.16
9/12/05,4.16
8/12/05,4.09
7/12/05,3.98
6/12/05,3.97
5/12/05,4.02
4/12/05,4
3/12/05,4
2/12/05,4
1/12/05,4.03
30/11/05,4.03
29/11/05,3.99
28/11/05,4.01
27/11/05,4.03
26/11/05,4.03
25/11/05,4.03
24/11/05,4.01
23/11/05,4.01
22/11/05,3.99
21/11/05,4.03
20/11/05,4
19/11/05,4
18/11/05,4
17/11/05,3.98
16/11/05,3.96
15/11/05,3.97
14/11/05,4.03
13/11/05,3.98
12/11/05,3.98
11/11/05,3.98
10/11/05,3.98
9/11/05,4.02
8/11/05,3.95
7/11/05,3.99
6/11/05,4
5/11/05,4
4/11/05,4
3/11/05,4.01
2/11/05,3.99
1/11/05,3.99
31/10/05,4.02
30/10/05,3.9
29/10/05,3.9
28/10/05,3.9
27/10/05,3.85
26/10/05,3.75
25/10/05,3.74
24/10/05,3.76
23/10/05,3.76
22/10/05,3.76
21/10/05,3.76
20/10/05,3.77
19/10/05,3.71
18/10/05,3.71
17/10/05,3.82
16/10/05,3.77
15/10/05,3.77
14/10/05,3.77
13/10/05,3.75
12/10/05,3.36
11/10/05,3.72
10/10/05,3.73
9/10/05,3.73
8/10/05,3.73
7/10/05,3.73
6/10/05,3.76
5/10/05,3.75
4/10/05,3.75
3/10/05,3.87
2/10/05,3.93
1/10/05,3.93
30/9/05,3.93
29/9/05,3.82
28/9/05,3.76
27/9/05,3.73
26/9/05,3.83
25/9/05,3.76
24/9/05,3.76
23/9/05,3.76
22/9/05,3.77
21/9/05,3.72
20/9/05,3.67
19/9/05,3.62
18/9/05,3.62
17/9/05,3.62
16/9/05,3.62
15/9/05,3.67
14/9/05,3.54
13/9/05,3.45
12/9/05,3.5
11/9/05,3.49
10/9/05,3.49
9/9/05,3.49
8/9/05,3.49
7/9/05,3.48
6/9/05,3.57
5/9/05,3.49
4/9/05,3.49
3/9/05,3.49
2/9/05,3.49
1/9/05,3.57
31/8/05,3.63
30/8/05,3.52
29/8/05,3.54
28/8/05,3.54
27/8/05,3.54
26/8/05,3.54
25/8/05,3.55
24/8/05,3.5
23/8/05,3.49
22/8/05,3.51
21/8/05,3.54
20/8/05,3.54
19/8/05,3.54
18/8/05,3.5
17/8/05,3.57
16/8/05,3.46
15/8/05,3.61
14/8/05,3.55
13/8/05,3.55
12/8/05,3.55
11/8/05,3.51
10/8/05,3.48
9/8/05,3.47
8/8/05,3.5
7/8/05,3.49
6/8/05,3.49
5/8/05,3.49
4/8/05,3.44
3/8/05,3.35
2/8/05,3.2
1/8/05,3.3
31/7/05,3.31
30/7/05,3.31
29/7/05,3.31
28/7/05,3.27
27/7/05,3.27
26/7/05,3.25
25/7/05,3.28
24/7/05,3.25
23/7/05,3.25
22/7/05,3.25
21/7/05,3.27
20/7/05,3.25
19/7/05,3.13
18/7/05,3.19
17/7/05,3.32
16/7/05,3.32
15/7/05,3.32
14/7/05,3.32
13/7/05,3.27
12/7/05,3.23
11/7/05,3.23
10/7/05,3.22
9/7/05,3.22
8/7/05,3.22
7/7/05,3.18
6/7/05,2.99
5/7/05,3.27
4/7/05,3.36
3/7/05,3.36
2/7/05,3.36
1/7/05,3.36
30/6/05,3.35
29/6/05,3.2
28/6/05,3.17
27/6/05,3.17
26/6/05,3.07
25/6/05,3.07
24/6/05,3.07
23/6/05,3.05
22/6/05,2.93
21/6/05,2.96
20/6/05,3.01
19/6/05,2.99
18/6/05,2.99
17/6/05,2.99
16/6/05,3
15/6/05,3.05
14/6/05,3.01
13/6/05,3.04
12/6/05,3.01
11/6/05,3.01
10/6/05,3.01
9/6/05,3.01
8/6/05,2.96
7/6/05,2.96
6/6/05,3
5/6/05,2.99
4/6/05,2.99
3/6/05,2.99
2/6/05,3
1/6/05,3.02
31/5/05,3.09
30/5/05,3.01
29/5/05,3.01
28/5/05,3.01
27/5/05,3.01
26/5/05,3.01
25/5/05,3.01
24/5/05,2.99
23/5/05,3.01
22/5/05,3.01
21/5/05,3.01
20/5/05,3.01
19/5/05,3.02
18/5/05,3
17/5/05,2.99
16/5/05,3.06
15/5/05,3.01
14/5/05,3.01
13/5/05,3.01
12/5/05,3.01
11/5/05,2.99
10/5/05,2.99
9/5/05,2.99
8/5/05,2.98
7/5/05,2.98
6/5/05,2.98
5/5/05,2.99
4/5/05,2.99
3/5/05,2.95
2/5/05,2.98
1/5/05,2.97
30/4/05,2.97
29/4/05,2.97
28/4/05,2.89
27/4/05,2.63
26/4/05,2.78
25/4/05,2.82
24/4/05,2.74
23/4/05,2.74
22/4/05,2.74
21/4/05,2.75
20/4/05,2.74
19/4/05,2.74
18/4/05,2.75
17/4/05,2.82
16/4/05,2.82
15/4/05,2.82
14/4/05,2.79
13/4/05,2.76
12/4/05,2.77
11/4/05,2.78
10/4/05,2.75
9/4/05,2.75
8/4/05,2.75
7/4/05,2.76
6/4/05,2.73
5/4/05,2.72
4/4/05,2.78
3/4/05,2.83
2/4/05,2.83
1/4/05,2.83
31/3/05,2.96
30/3/05,2.74
29/3/05,2.72
28/3/05,2.79
27/3/05,2.8
26/3/05,2.8
25/3/05,2.8
24/3/05,2.75
23/3/05,2.73
22/3/05,2.72
21/3/05,2.71
20/3/05,2.7
19/3/05,2.7
18/3/05,2.7
17/3/05,2.68
16/3/05,2.57
15/3/05,2.61
14/3/05,2.59
13/3/05,2.51
12/3/05,2.51
11/3/05,2.51
10/3/05,2.52
9/3/05,2.5
8/3/05,2.49
7/3/05,2.51
6/3/05,2.5
5/3/05,2.5
4/3/05,2.5
3/3/05,2.51
2/3/05,2.48
1/3/05,2.39
28/2/05,2.52
27/2/05,2.54
26/2/05,2.54
25/2/05,2.54
24/2/05,2.55
23/2/05,2.53
22/2/05,2.57
21/2/05,2.51
20/2/05,2.51
19/2/05,2.51
18/2/05,2.51
17/2/05,2.5
16/2/05,2.48
15/2/05,2.53
14/2/05,2.51
13/2/05,2.5
12/2/05,2.5
11/2/05,2.5
10/2/05,2.51
9/2/05,2.5
8/2/05,2.48
7/2/05,2.5
6/2/05,2.51
5/2/05,2.51
4/2/05,2.51
3/2/05,2.49
2/2/05,2.29
1/2/05,2.4
31/1/05,2.5
30/1/05,2.48
29/1/05,2.48
28/1/05,2.48
27/1/05,2.39
26/1/05,2.33
25/1/05,2.29
24/1/05,2.26
23/1/05,2.26
22/1/05,2.26
21/1/05,2.26
20/1/05,2.25
19/1/05,2.19
18/1/05,2.31
17/1/05,2.29
16/1/05,2.29
15/1/05,2.29
14/1/05,2.29
13/1/05,2.29
12/1/05,2.25
11/1/05,2.24
10/1/05,2.26
9/1/05,2.24
8/1/05,2.24
7/1/05,2.24
6/1/05,2.25
5/1/05,2.25
4/1/05,2.25
3/1/05,2.31
2/1/05,1.97
1/1/05,1.97
31/12/04,1.97
30/12/04,2.24
29/12/04,2.23
28/12/04,2.24
27/12/04,2.24
26/12/04,2.27
25/12/04,2.27
24/12/04,2.27
23/12/04,2.34
22/12/04,2.25
21/12/04,2.24
20/12/04,2.26
19/12/04,2.23
18/12/04,2.23
17/12/04,2.23
16/12/04,2.26
15/12/04,2.31
14/12/04,2.24
13/12/04,2.18
12/12/04,2.09
11/12/04,2.09
10/12/04,2.09
9/12/04,2.05
8/12/04,2.01
7/12/04,1.99
6/12/04,2.04
5/12/04,1.98
4/12/04,1.98
3/12/04,1.98
2/12/04,2
1/12/04,2.04
30/11/04,2.02
29/11/04,2.03
28/11/04,2.01
27/11/04,2.01
26/11/04,2.01
25/11/04,2.02
24/11/04,2.02
23/11/04,2
22/11/04,2.01
21/11/04,1.99
20/11/04,1.99
19/11/04,1.99
18/11/04,1.99
17/11/04,1.99
16/11/04,1.98
15/11/04,2.06
14/11/04,2.02
13/11/04,2.02
12/11/04,2.02
11/11/04,1.92
10/11/04,1.92
9/11/04,1.79
8/11/04,1.8
7/11/04,1.76
6/11/04,1.76
5/11/04,1.76
4/11/04,1.77
3/11/04,1.73
2/11/04,1.74
1/11/04,1.83
31/10/04,1.79
30/10/04,1.79
29/10/04,1.79
28/10/04,1.79
27/10/04,1.77
26/10/04,1.72
25/10/04,1.76
24/10/04,1.72
23/10/04,1.72
22/10/04,1.72
21/10/04,1.76
20/10/04,1.74
19/10/04,1.72
18/10/04,1.73
17/10/04,1.79
16/10/04,1.79
15/10/04,1.79
14/10/04,1.77
13/10/04,1.73
12/10/04,1.78
11/10/04,1.71
10/10/04,1.71
9/10/04,1.71
8/10/04,1.71
7/10/04,1.76
6/10/04,1.74
5/10/04,1.73
4/10/04,1.77
3/10/04,1.86
2/10/04,1.86
1/10/04,1.86
30/9/04,1.94
29/9/04,1.76
28/9/04,1.72
27/9/04,1.76
26/9/04,1.76
25/9/04,1.76
24/9/04,1.76
23/9/04,1.8
22/9/04,1.78
21/9/04,1.7
20/9/04,1.64
19/9/04,1.58
18/9/04,1.58
17/9/04,1.58
16/9/04,1.61
15/9/04,1.57
14/9/04,1.4
13/9/04,1.51
12/9/04,1.48
11/9/04,1.48
10/9/04,1.48
9/9/04,1.49
8/9/04,1.51
7/9/04,1.54
6/9/04,1.48
5/9/04,1.48
4/9/04,1.48
3/9/04,1.48
2/9/04,1.51
1/9/04,1.53
31/8/04,1.55
30/8/04,1.54
29/8/04,1.52
28/8/04,1.52
27/8/04,1.52
26/8/04,1.55
25/8/04,1.55
24/8/04,1.51
23/8/04,1.51
22/8/04,1.5
21/8/04,1.5
20/8/04,1.5
19/8/04,1.5
18/8/04,1.39
17/8/04,1.2
16/8/04,1.43
15/8/04,1.48
14/8/04,1.48
13/8/04,1.48
12/8/04,1.51
11/8/04,1.5
10/8/04,1.43
9/8/04,1.35
8/8/04,1.32
7/8/04,1.32
6/8/04,1.32
5/8/04,1.3
4/8/04,1.22
3/8/04,1.24
2/8/04,1.28
1/8/04,1.29
31/7/04,1.29
30/7/04,1.29
29/7/04,1.3
28/7/04,1.29
27/7/04,1.27
26/7/04,1.27
25/7/04,1.25
24/7/04,1.25
23/7/04,1.25
22/7/04,1.26
21/7/04,1.25
20/7/04,1.25
19/7/04,1.25
18/7/04,1.24
17/7/04,1.24
16/7/04,1.24
15/7/04,1.3
14/7/04,1.24
13/7/04,1.24
12/7/04,1.26
11/7/04,1.24
10/7/04,1.24
9/7/04,1.24
8/7/04,1.26
7/7/04,1.26
6/7/04,1.3
5/7/04,1.25
4/7/04,1.25
3/7/04,1.25
2/7/04,1.25
1/7/04,1.4
30/6/04,1.38
29/6/04,1.13
28/6/04,1.09
27/6/04,1.05
26/6/04,1.05
25/6/04,1.05
24/6/04,1.03
23/6/04,1.02
22/6/04,1
21/6/04,1
20/6/04,1
19/6/04,1
18/6/04,1
17/6/04,1.01
16/6/04,1
15/6/04,1.03
14/6/04,1.02
13/6/04,1
12/6/04,1
11/6/04,1
10/6/04,1
9/6/04,0.99
8/6/04,0.97
7/6/04,0.99
6/6/04,0.99
5/6/04,0.99
4/6/04,0.99
3/6/04,0.99
2/6/04,0.98
1/6/04,1.02
31/5/04,1.02
30/5/04,1.02
29/5/04,1.02
28/5/04,1.02
27/5/04,1
26/5/04,0.99
25/5/04,1
24/5/04,1
23/5/04,0.99
22/5/04,0.99
21/5/04,0.99
20/5/04,1
19/5/04,1
18/5/04,1
17/5/04,1.05
16/5/04,1.02
15/5/04,1.02
14/5/04,1.02
13/5/04,1
12/5/04,0.98
11/5/04,0.96
10/5/04,1
9/5/04,0.99
8/5/04,0.99
7/5/04,0.99
6/5/04,1
5/5/04,0.99
4/5/04,1
3/5/04,1.03
2/5/04,1.03
1/5/04,1.03
30/4/04,1.03
29/4/04,1.03
28/4/04,1.01
27/4/04,0.99
26/4/04,1.01
25/4/04,0.99
24/4/04,0.99
23/4/04,0.99
22/4/04,1
21/4/04,0.99
20/4/04,0.99
19/4/04,1
18/4/04,0.99
17/4/04,0.99
16/4/04,0.99
15/4/04,1.03
14/4/04,1.01
13/4/04,1
12/4/04,1
11/4/04,1.01
10/4/04,1.01
9/4/04,1.01
8/4/04,1.02
7/4/04,1
6/4/04,1
5/4/04,1.01
4/4/04,1
3/4/04,1
2/4/04,1
1/4/04,1.03
31/3/04,1.05
30/3/04,0.98
29/3/04,1
28/3/04,1
27/3/04,1
26/3/04,1
25/3/04,1.02
24/3/04,0.99
23/3/04,0.99
22/3/04,1.01
21/3/04,0.99
20/3/04,0.99
19/3/04,0.99
18/3/04,1
17/3/04,1
16/3/04,0.99
15/3/04,1.05
14/3/04,0.99
13/3/04,0.99
12/3/04,0.99
11/3/04,1.01
10/3/04,1
9/3/04,0.99
8/3/04,1
7/3/04,1
6/3/04,1
5/3/04,1
4/3/04,0.99
3/3/04,1
2/3/04,1
1/3/04,1.04
29/2/04,1.04
28/2/04,1.04
27/2/04,1.04
26/2/04,1.03
25/2/04,1.02
24/2/04,0.99
23/2/04,1
22/2/04,0.99
21/2/04,0.99
20/2/04,0.99
19/2/04,1
18/2/04,1
17/2/04,1.02
16/2/04,1.01
15/2/04,1.01
14/2/04,1.01
13/2/04,1.01
12/2/04,1.02
11/2/04,1
10/2/04,1
9/2/04,1.01
8/2/04,0.99
7/2/04,0.99
6/2/04,0.99
5/2/04,1.01
4/2/04,1
3/2/04,0.97
2/2/04,1.01
1/2/04,1.03
31/1/04,1.03
30/1/04,1.03
29/1/04,1
28/1/04,0.99
27/1/04,1.02
26/1/04,1.08
25/1/04,1
24/1/04,1
23/1/04,1
22/1/04,1.02
21/1/04,1
20/1/04,1.02
19/1/04,0.98
18/1/04,0.98
17/1/04,0.98
16/1/04,0.98
15/1/04,1.04
14/1/04,1.01
13/1/04,0.99
12/1/04,1
11/1/04,0.99
10/1/04,0.99
9/1/04,0.99
8/1/04,0.99
7/1/04,0.94
6/1/04,0.92
5/1/04,0.97
4/1/04,1.01
3/1/04,1.01
2/1/04,1.01
1/1/04,0.94