Commodity.Description,"All Commodity Price Index, 2016 = 100, includes both Fuel and Non-Fuel Price Indices","Commodities for Index: All, excluding Gold, 2016 = 100","Non-Fuel Price Index, 2016 = 100, includes Precious Metal, Food and Beverages and Industrial Inputs Price Indices","Food and Beverage Price Index, 2016 = 100, includes Food and Beverage Price Indices","Food Price Index, 2016 = 100, includes Cereal, Vegetable Oils, Meat, Seafood, Sugar, and Other Food (Apple (non-citrus fruit), Bananas, Chana (legumes), Fishmeal, Groundnuts, Milk (dairy), Tomato (veg)) Price Indices","Beverage Price Index, 2016 = 100, includes Coffee, Tea, and Cocoa","Industrial Inputs Price Index, 2016 = 100, includes Agricultural Raw Materials and Base Metals Price Indices","Agriculture Price Index, 2016 = 100, includes Food and Beverages and Agriculture Raw Materials Price Indices","Agricultural Raw Materials Index, 2016 = 100, includes Timber, Cotton, Wool, Rubber, and Hides Price Indices","All Metals Index, 2016 = 100: includes Metal Price Index (Base Metals) and Precious Metals Index","Base Metals Price Index, 2016 = 100, includes Aluminum, Cobalt, Copper, Iron Ore, Lead, Molybdenum, Nickel, Tin, Uranium and Zinc Price Indices","Precious Metals Price Index, 2016 = 100, includes Gold, Silver, Palladium and Platinum Price Indices","All Metals EX GOLD Index, 2016 = 100: includes Metal Price Index (Base Metals) and ONLY Silver, Palladium, Platinum ","Fertilizer Index, 2016 = 100, includes DAP, Potash, UREA","Fuel (Energy) Index, 2016 = 100, includes Crude oil (petroleum), Natural Gas, Coal Price and Propane Indices","Crude Oil (petroleum), Price index, 2016 = 100, simple average of three spot prices; Dated Brent, West Texas Intermediate, and the Dubai Fateh","Natural Gas Price Index, 2016 = 100, includes European, Japanese, and American Natural Gas Price Indices","Coal Price Index, 2016 = 100, includes Australian and South African Coal"
1980M1,,,,,,124.374,,,69.466,,,,,62.507,,,,
1980M2,,,,,,124.357,,,72.604,,,,,66.432,,,,
1980M3,,,,,,129.212,,,68.529,,,,,67.479,,,,
1980M4,,,,,,124.304,,,67.094,,,,,67.252,,,,
1980M5,,,,,,127.143,,,66.928,,,,,65.545,,,,
1980M6,,,,,,123.044,,,66.562,,,,,64.095,,,,
1980M7,,,,,,110.244,,,67.877,,,,,64.228,,,,
1980M8,,,,,,99.783,,,69.153,,,,,63.677,,,,
1980M9,,,,,,95.610,,,69.922,,,,,63.402,,,,
1980M10,,,,,,94.873,,,66.365,,,,,64.535,,,,
1980M11,,,,,,89.040,,,67.478,,,,,66.474,,,,
1980M12,,,,,,90.161,,,67.284,,,,,67.774,,,,
1981M1,,,,,,92.555,,,66.658,,,,,67.997,,,,
1981M2,,,,,,89.447,,,64.227,,,,,68.277,,,,
1981M3,,,,,,89.748,,,62.713,,,,,68.547,,,,
1981M4,,,,,,89.614,,,60.403,,,,,69.751,,,,
1981M5,,,,,,85.726,,,60.529,,,,,68.676,,,,
1981M6,,,,,,72.380,,,60.962,,,,,68.520,,,,
1981M7,,,,,,78.186,,,58.246,,,,,63.157,,,,
1981M8,,,,,,81.200,,,56.990,,,,,63.140,,,,
1981M9,,,,,,82.056,,,55.743,,,,,62.315,,,,
1981M10,,,,,,86.169,,,55.128,,,,,62.362,,,,
1981M11,,,,,,89.411,,,55.683,,,,,59.785,,,,
1981M12,,,,,,88.866,,,54.980,,,,,55.361,,,,
1982M1,,,,,,90.616,,,57.055,,,,,56.625,,,,
1982M2,,,,,,95.197,,,55.638,,,,,59.316,,,,
1982M3,,,,,,90.580,,,55.563,,,,,57.123,,,,
1982M4,,,,,,85.665,,,55.629,,,,,54.867,,,,
1982M5,,,,,,83.298,,,57.192,,,,,54.070,,,,
1982M6,,,,,,82.575,,,55.171,,,,,53.839,,,,
1982M7,,,,,,79.369,,,55.365,,,,,52.182,,,,
1982M8,,,,,,81.023,,,54.556,,,,,50.836,,,,
1982M9,,,,,,86.159,,,53.676,,,,,47.159,,,,
1982M10,,,,,,89.006,,,52.457,,,,,48.158,,,,
1982M11,,,,,,88.980,,,51.901,,,,,47.707,,,,
1982M12,,,,,,91.493,,,52.295,,,,,47.387,,,,
1983M1,,,,,,90.608,,,53.026,,,,,48.769,,,,
1983M2,,,,,,90.343,,,52.966,,,,,50.726,,,,
1983M3,,,,,,88.285,,,55.048,,,,,51.557,,,,
1983M4,,,,,,88.728,,,56.706,,,,,51.586,,,,
1983M5,,,,,,91.955,,,57.976,,,,,49.079,,,,
1983M6,,,,,,92.670,,,58.829,,,,,48.795,,,,
1983M7,,,,,,93.362,,,60.052,,,,,48.594,,,,
1983M8,,,,,,93.821,,,60.895,,,,,48.798,,,,
1983M9,,,,,,93.757,,,60.876,,,,,49.235,,,,
1983M10,,,,,,99.289,,,61.760,,,,,50.890,,,,
1983M11,,,,,,104.145,,,62.198,,,,,52.898,,,,
1983M12,,,,,,109.076,,,62.759,,,,,54.328,,,,
1984M1,,,,,,111.475,,,62.470,,,,,56.611,,,,
1984M2,,,,,,109.869,,,62.475,,,,,58.093,,,,
1984M3,,,,,,111.125,,,63.319,,,,,60.583,,,,
1984M4,,,,,,110.673,,,63.795,,,,,59.442,,,,
1984M5,,,,,,114.899,,,63.251,,,,,57.350,,,,
1984M6,,,,,,110.353,,,60.359,,,,,54.908,,,,
1984M7,,,,,,104.416,,,57.295,,,,,56.299,,,,
1984M8,,,,,,105.541,,,56.029,,,,,58.357,,,,
1984M9,,,,,,107.712,,,55.096,,,,,57.626,,,,
1984M10,,,,,,104.695,,,54.222,,,,,59.097,,,,
1984M11,,,,,,105.017,,,51.960,,,,,57.888,,,,
1984M12,,,,,,101.315,,,50.951,,,,,57.300,,,,
1985M1,,,,,,102.260,,,50.022,,,,,56.232,,,,
1985M2,,,,,,100.167,,,48.570,,,,,54.187,,,,
1985M3,,,,,,97.897,,,48.165,,,,,52.756,,,,
1985M4,,,,,,96.823,,,49.091,,,,,52.421,,,,
1985M5,,,,,,93.663,,,48.674,,,,,52.175,,,,
1985M6,,,,,,92.820,,,48.933,,,,,50.905,,,,
1985M7,,,,,,87.900,,,48.331,,,,,49.922,,,,
1985M8,,,,,,88.163,,,46.511,,,,,48.694,,,,
1985M9,,,,,,88.348,,,45.173,,,,,46.913,,,,
1985M10,,,,,,92.831,,,45.449,,,,,46.322,,,,
1985M11,,,,,,100.356,,,46.363,,,,,45.700,,,,
1985M12,,,,,,117.365,,,46.030,,,,,44.021,,,,
1986M1,,,,,,131.090,,,46.873,,,,,42.838,,,,
1986M2,,,,,,125.689,,,49.355,,,,,42.509,,,,
1986M3,,,,,,129.375,,,47.471,,,,,43.682,,,,
1986M4,,,,,,121.517,,,47.335,,,,,45.058,,,,
1986M5,,,,,,112.328,,,48.463,,,,,45.623,,,,
1986M6,,,,,,99.649,,,47.068,,,,,44.613,,,,
1986M7,,,,,,100.228,,,45.087,,,,,42.245,,,,
1986M8,,,,,,104.381,,,45.690,,,,,39.528,,,,
1986M9,,,,,,120.754,,,46.779,,,,,38.833,,,,
1986M10,,,,,,110.194,,,48.930,,,,,36.115,,,,
1986M11,,,,,,105.624,,,50.242,,,,,35.644,,,,
1986M12,,,,,,93.253,,,53.756,,,,,34.756,,,,
1987M1,,,,,,86.814,,,55.702,,,33.100,,39.187,,,,
1987M2,,,,,,84.719,,,56.901,,,32.579,,43.610,,,,
1987M3,,,,,,77.638,,,57.302,,,33.260,,42.110,,,,
1987M4,,,,,,78.914,,,59.846,,,36.196,,41.032,,,,
1987M5,,,,,,82.169,,,62.604,,,38.238,,38.292,,,,
1987M6,,,,,,76.219,,,62.765,,,36.917,,39.160,,,,
1987M7,,,,,,75.140,,,65.391,,,37.076,,39.867,,,,
1987M8,,,,,,75.543,,,69.338,,,38.045,,42.388,,,,
1987M9,,,,,,78.615,,,73.818,,,37.808,,43.479,,,,
1987M10,,,,,,81.770,,,72.454,,,38.049,,42.885,,,,
1987M11,,,,,,84.154,,,73.559,,,37.580,,43.992,,,,
1987M12,,,,,,83.744,,,72.506,,,38.952,,48.188,,,,
1988M1,,,,,,84.574,,,69.929,,,38.238,,52.181,,,,
1988M2,,,,,,84.713,,,66.059,,,35.577,,52.409,,,,
1988M3,,,,,,81.673,,,67.650,,,35.789,,51.591,,,,
1988M4,,,,,,79.926,,,70.048,,,36.502,,50.150,,,,
1988M5,,,,,,79.792,,,71.712,,,36.583,,48.501,,,,
1988M6,,,,,,79.735,,,72.413,,,36.900,,48.861,,,,
1988M7,,,,,,75.501,,,68.093,,,35.832,,51.318,,,,
1988M8,,,,,,70.761,,,67.023,,,35.184,,53.257,,,,
1988M9,,,,,,73.304,,,64.889,,,33.723,,53.797,,,,
1988M10,,,,,,75.382,,,64.569,,,33.282,,56.410,,,,
1988M11,,,,,,77.284,,,64.155,,,34.459,,58.585,,,,
1988M12,,,,,,82.856,,,65.516,,,34.312,,58.876,,,,
1989M1,,,,,,83.228,,,65.831,,,33.048,,58.399,,,,
1989M2,,,,,,78.904,,,66.450,,,31.894,,58.208,,,,
1989M3,,,,,,78.150,,,67.815,,,32.124,,57.892,,,,
1989M4,,,,,,76.196,,,68.846,,,31.778,,56.169,,,,
1989M5,,,,,,74.548,,,70.793,,,30.584,,53.291,,,,
1989M6,,,,,,69.753,,,73.695,,,30.206,,45.543,,,,
1989M7,,,,,,57.720,,,75.978,,,30.717,,43.974,,,,
1989M8,,,,,,53.038,,,76.177,,,29.874,,45.037,,,,
1989M9,,,,,,53.132,,,75.496,,,29.610,,45.018,,,,
1989M10,,,,,,49.690,,,74.361,,,30.011,,45.382,,,,
1989M11,,,,,,48.700,,,72.009,,,32.010,,45.344,,,,
1989M12,,,,,,48.930,,,69.870,,,33.243,,46.881,,,,
1990M1,,,,,,49.204,,,72.855,,,33.098,,48.838,,,,51.173
1990M2,,,,,,49.948,,,73.450,,,33.701,,49.022,,,,51.173
1990M3,,,,,,54.435,,,74.172,,,31.811,,49.386,,,,51.173
1990M4,,,,,,56.292,,,76.022,,,30.422,,49.955,,,,51.173
1990M5,,,,,,55.921,,,75.419,,,30.077,,48.935,,,,54.120
1990M6,,,,,,53.061,,,75.563,,,28.805,,49.201,,,,55.285
1990M7,,,,,,52.831,,,76.236,,,29.490,,50.507,,,,55.285
1990M8,,,,,,54.508,,,73.868,,,31.843,,53.418,,,,55.285
1990M9,,,,,,56.440,,,73.205,,,31.271,,56.427,,,,55.285
1990M10,,,,,,56.636,,,73.155,,,30.335,,60.215,,,,55.285
1990M11,,,,,,55.622,,,73.029,,,30.300,,59.556,,,,55.285
1990M12,,,,,,55.882,,,72.658,,,29.881,,58.887,,,,55.285
1991M1,,,,,,54.152,,,71.246,,,30.310,,58.558,,51.895,,55.285
1991M2,,,,,,52.871,,,72.489,,,28.754,,58.167,,41.623,,55.285
1991M3,,,,,,53.016,,,71.064,,,28.769,,58.406,,42.713,,52.243
1991M4,,,,,,52.103,,,71.897,,,28.497,,57.912,,44.273,,52.243
1991M5,,,,,,48.774,,,72.824,,,28.391,,56.627,,45.108,,52.243
1991M6,,,,,,47.460,,,74.039,,,29.163,,55.024,,43.608,,52.243
1991M7,,,,,,45.930,,,72.267,,,29.199,,54.357,,46.598,,52.243
1991M8,,,,,,47.387,,,71.030,,,28.122,,54.946,,46.778,,52.243
1991M9,,,,,,50.699,,,71.491,,,27.599,,54.495,,47.725,,52.243
1991M10,,,,,,49.691,,,70.083,,,28.399,,55.069,,51.262,,52.243
1991M11,,,,,,51.331,,,68.819,,,28.449,,53.019,,47.715,,52.243
1991M12,,,,,,51.102,,,68.755,,,28.486,,52.620,,40.520,,52.243
1992M1,50.727,53.251,54.673,66.027,67.513,48.468,52.709,66.179,67.202,37.324,46.949,28.019,44.529,53.415,45.019,40.225,54.516,52.243
1992M2,50.725,53.258,55.121,66.255,68.127,44.122,53.975,66.506,68.203,38.015,48.319,28.053,45.839,53.133,44.368,41.090,49.912,52.243
1992M3,50.752,53.374,55.400,67.093,69.046,44.007,54.009,67.284,68.573,37.605,48.220,27.342,45.718,52.632,44.027,41.165,50.534,52.243
1992M4,51.178,53.898,54.364,64.399,66.212,42.973,55.421,65.443,72.509,37.578,48.629,26.894,46.025,54.113,46.568,44.088,51.973,52.243
1992M5,52.639,55.539,55.424,66.399,68.556,40.899,55.337,67.155,72.274,37.534,48.606,26.830,46.049,56.536,48.610,45.566,54.755,52.243
1992M6,52.856,55.745,54.078,63.551,65.571,39.673,55.573,64.742,72.802,37.748,48.725,27.134,46.181,55.888,51.088,47.918,55.871,50.690
1992M7,52.519,55.268,54.075,62.495,64.267,41.553,57.275,63.914,73.511,39.204,50.821,27.973,48.088,53.402,50.268,45.305,58.466,49.138
1992M8,52.580,55.421,54.335,63.806,65.664,41.846,56.506,64.821,71.685,38.623,50.472,27.167,47.643,52.011,50.041,43.653,61.642,49.138
1992M9,53.009,55.879,53.989,63.623,65.440,42.138,55.489,64.635,71.487,38.047,49.130,27.332,46.465,51.491,51.591,44.889,64.059,49.138
1992M10,52.501,55.315,53.012,62.841,64.456,43.756,53.331,63.999,71.837,36.489,45.976,27.318,43.655,51.277,51.761,45.256,67.652,47.533
1992M11,50.372,53.034,51.182,60.233,61.419,46.205,51.935,61.763,72.113,35.123,43.914,26.623,41.820,51.258,49.201,44.149,65.666,45.927
1992M12,50.413,53.082,52.569,62.571,63.647,49.845,52.648,63.840,72.428,35.572,44.786,26.664,42.649,51.351,47.294,41.832,64.525,45.927
1993M1,49.831,52.487,52.460,62.620,63.945,46.962,52.466,63.921,72.725,35.176,44.413,26.245,42.306,51.216,46.028,40.549,62.881,45.927
1993M2,50.354,53.066,52.745,62.586,64.058,45.186,53.529,64.445,77.024,35.073,44.190,26.259,42.103,51.795,46.896,43.043,60.374,43.074
1993M3,51.748,54.611,54.009,65.183,67.038,43.259,53.195,66.928,78.732,34.511,43.045,26.261,41.036,52.775,48.478,43.420,65.800,43.074
1993M4,52.013,54.798,54.187,64.905,66.880,41.570,53.535,67.339,83.805,34.287,41.503,27.309,39.854,53.562,48.869,42.287,68.291,43.074
1993M5,52.117,54.690,55.119,65.650,67.596,42.650,54.083,68.632,88.808,34.695,40.281,29.296,39.000,54.188,47.774,41.565,65.489,43.074
1993M6,50.702,53.069,53.927,63.360,65.145,42.267,53.839,66.438,87.256,35.014,40.557,29.655,39.242,53.123,46.038,39.908,63.291,43.074
1993M7,50.609,52.779,54.890,64.537,66.097,46.090,54.202,67.612,88.413,35.951,40.604,31.452,39.603,50.601,44.417,38.138,63.838,43.074
1993M8,50.426,52.699,54.163,64.410,65.598,50.365,52.736,67.043,84.857,35.087,39.969,30.367,38.928,48.633,45.021,37.973,66.829,43.074
1993M9,49.473,51.858,53.491,64.667,65.530,54.477,51.343,67.151,83.952,33.242,38.382,28.273,37.166,47.813,43.660,36.106,65.323,43.074
1993M10,49.518,51.836,53.357,64.589,65.552,53.211,50.492,67.124,84.274,32.930,37.065,28.932,36.084,47.869,43.965,37.832,61.745,43.074
1993M11,48.809,50.940,53.274,64.304,65.154,54.267,49.865,66.695,82.870,33.237,36.746,29.843,35.875,49.420,42.351,35.182,65.482,43.074
1993M12,49.075,51.154,56.276,69.075,70.227,55.461,51.251,70.857,82.915,34.591,38.665,30.652,37.733,51.060,38.661,31.290,62.153,42.686
1994M1,49.866,52.000,56.524,68.496,69.839,52.627,52.889,70.614,84.937,35.495,40.150,30.994,39.124,52.394,40.235,33.441,62.638,43.074
1994M2,50.686,52.955,57.554,69.409,70.714,53.982,55.126,71.921,88.916,36.129,41.695,30.747,40.579,53.128,40.750,32.124,67.834,43.074
1994M3,50.297,52.508,58.148,70.317,71.424,57.233,55.260,72.744,89.160,36.276,41.785,30.950,40.744,54.913,38.940,31.637,59.611,42.003
1994M4,50.989,53.338,57.807,69.155,69.979,59.419,56.464,72.463,94.837,35.734,41.212,30.439,40.188,55.874,41.127,34.968,58.377,42.003
1994M5,52.402,54.873,58.835,69.970,69.560,74.812,58.706,73.220,95.205,37.381,44.199,30.789,42.890,54.418,43.099,37.639,56.952,43.359
1994M6,53.306,55.841,59.188,69.287,67.893,85.762,61.375,73.030,98.352,38.750,46.677,31.086,45.097,52.484,44.798,39.136,58.273,46.093
1994M7,54.593,57.276,60.381,71.390,67.449,117.971,61.875,74.671,96.859,39.395,47.969,31.106,46.286,52.127,46.220,40.145,58.742,45.736
1994M8,53.539,56.146,60.166,71.397,67.831,113.549,61.194,74.729,97.269,38.680,46.856,30.775,45.292,52.922,43.954,37.840,55.714,45.736
1994M9,53.604,56.116,61.451,72.583,68.184,124.580,62.479,75.502,95.244,40.426,49.456,31.695,47.727,57.970,42.253,35.722,53.918,46.124
1994M10,54.170,56.767,61.766,72.298,68.650,115.414,63.601,75.077,93.880,41.375,51.566,31.523,49.596,64.103,43.182,36.160,54.329,47.483
1994M11,54.272,56.927,61.022,69.111,65.940,106.586,67.085,72.391,94.576,43.393,56.158,31.052,53.580,65.577,44.507,37.907,54.332,47.289
1994M12,55.300,58.118,63.672,72.962,71.098,94.984,69.871,76.251,98.501,44.281,58.490,30.543,55.511,67.332,43.191,36.027,55.710,50.593
1995M1,55.970,58.872,63.988,71.482,69.318,97.050,73.362,75.322,101.299,46.111,62.257,30.500,58.876,72.122,44.373,37.306,54.839,52.859
1995M2,56.353,59.316,63.864,72.276,70.118,97.775,71.170,76.365,104.031,43.991,58.108,30.343,55.175,74.670,45.489,38.272,56.037,53.604
1995M3,56.953,59.937,64.736,73.783,71.279,103.378,71.135,78.229,108.305,43.323,56.361,30.718,53.633,75.970,45.696,36.642,57.182,54.333
1995M4,57.479,60.438,63.791,71.276,68.715,101.546,71.669,76.188,109.415,44.030,56.666,31.813,54.303,75.177,48.349,38.604,59.470,53.635
1995M5,56.730,59.657,62.830,70.418,67.973,99.309,70.424,75.438,109.403,42.935,54.931,31.337,52.701,71.988,47.907,38.350,59.409,54.827
1995M6,56.068,58.900,62.895,70.689,68.951,91.230,70.734,75.119,105.086,44.040,57.080,31.433,54.552,66.580,46.194,35.945,59.631,56.168
1995M7,55.558,58.343,63.867,72.933,71.835,85.908,70.719,76.304,99.109,45.103,59.435,31.247,56.555,62.601,43.540,33.430,56.584,57.346
1995M8,55.746,58.575,63.704,73.026,71.457,91.565,69.751,75.815,94.680,45.222,59.842,31.088,56.935,65.001,44.235,35.390,56.564,56.875
1995M9,55.763,58.599,63.220,72.603,71.718,83.065,67.969,75.541,95.415,43.840,57.061,31.059,54.467,71.426,44.977,36.632,57.976,57.089
1995M10,55.641,58.465,63.364,73.515,72.841,81.487,66.228,76.126,93.782,42.900,55.276,30.935,52.777,76.515,44.471,35.007,60.552,56.978
1995M11,56.501,59.398,63.880,72.983,72.314,80.893,68.750,76.231,98.200,43.848,57.044,31.090,54.322,79.328,45.827,36.468,62.478,56.242
1995M12,59.204,62.390,65.770,77.151,77.690,70.777,67.752,79.700,96.946,43.438,56.148,31.149,53.458,80.061,49.707,39.144,71.797,55.248
1996M1,58.711,61.728,64.576,75.731,76.180,70.428,65.522,78.257,95.346,42.727,53.668,32.149,51.361,77.633,50.227,39.282,75.848,55.061
1996M2,60.530,63.712,65.893,78.091,78.247,76.250,65.854,80.242,94.792,43.280,54.351,32.576,52.076,75.962,52.773,39.077,88.859,54.608
1996M3,60.488,63.740,65.643,77.738,78.223,72.005,66.352,80.090,96.003,43.054,54.566,31.923,52.195,73.649,53.032,43.119,76.448,53.383
1996M4,61.415,64.800,66.903,80.948,81.566,73.632,65.544,82.550,93.388,42.858,54.476,31.625,52.047,70.589,53.476,46.372,67.826,54.194
1996M5,60.699,64.014,67.668,82.355,82.904,75.868,66.663,84.110,95.980,43.054,55.009,31.495,52.480,63.721,50.620,42.869,67.683,53.085
1996M6,59.059,62.249,65.114,79.311,79.777,73.808,63.528,81.526,96.510,40.500,50.418,30.912,48.293,61.712,50.301,41.700,70.894,52.402
1996M7,59.731,63.012,64.975,79.972,80.920,68.769,61.226,81.773,93.955,39.348,48.216,30.775,46.319,66.670,52.145,43.722,71.800,52.312
1996M8,59.515,62.736,64.620,78.972,79.714,70.195,61.307,80.909,94.017,39.545,48.306,31.074,46.422,68.955,52.130,44.889,65.248,52.222
1996M9,58.989,62.192,61.456,73.038,73.528,67.243,61.261,75.973,95.829,38.950,47.521,30.664,45.639,67.192,55.421,49.555,62.165,53.091
1996M10,59.765,63.073,59.899,70.689,70.943,67.692,60.057,73.707,94.124,38.351,46.516,30.456,44.677,67.060,59.572,52.759,71.007,53.410
1996M11,60.476,63.887,60.482,70.588,70.913,66.751,62.132,73.743,95.082,39.475,49.035,30.233,46.877,71.078,60.467,49.656,83.469,51.969
1996M12,63.218,67.026,62.308,74.962,75.914,63.707,61.179,77.073,91.352,39.185,49.186,29.517,46.971,70.934,64.533,52.985,92.884,52.418
1997M1,62.316,66.147,62.659,74.949,75.554,67.796,63.516,77.329,93.431,39.870,51.625,28.505,49.101,69.028,61.819,53.336,86.049,51.967
1997M2,59.397,62.974,63.358,76.271,76.188,77.262,64.174,78.505,93.615,40.075,52.472,28.090,50.022,66.967,53.668,48.073,70.806,50.920
1997M3,58.590,62.030,64.056,77.305,76.569,85.999,64.777,79.385,93.458,40.777,53.377,28.595,50.961,64.326,50.683,45.685,64.858,50.538
1997M4,56.748,60.045,62.780,76.211,75.177,88.432,62.454,77.935,89.599,39.598,51.664,27.934,49.298,65.049,48.021,42.516,64.461,50.862
1997M5,58.144,61.608,63.072,75.937,73.375,106.214,64.121,77.918,91.318,40.440,53.311,27.997,50.877,64.382,51.016,45.593,67.262,50.741
1997M6,55.785,59.011,60.881,72.339,70.406,95.184,63.249,74.553,89.530,40.228,52.803,28.070,50.702,59.831,48.415,42.045,66.766,49.669
1997M7,55.236,58.548,59.756,71.277,69.905,87.486,62.535,73.536,88.822,39.163,52.086,26.668,49.837,56.013,48.699,43.434,64.665,49.242
1997M8,55.492,58.833,59.196,70.678,69.425,85.498,61.561,72.556,85.254,39.280,52.144,26.842,50.051,54.992,50.135,45.009,67.937,50.432
1997M9,55.535,58.877,58.521,70.576,69.248,86.280,59.453,72.191,83.111,38.261,50.049,26.864,48.181,52.824,51.215,44.674,73.714,49.697
1997M10,56.232,59.659,57.886,70.253,69.292,81.608,57.599,71.516,80.065,37.641,48.670,26.978,47.098,52.726,53.840,47.627,75.373,49.014
1997M11,55.113,58.581,57.597,70.714,69.877,80.610,56.731,71.940,80.236,36.300,47.388,25.580,45.874,52.061,51.521,45.229,74.239,45.464
1997M12,53.848,57.333,58.887,75.372,74.382,87.071,53.680,75.299,74.807,34.679,45.282,24.427,44.089,50.647,46.559,41.275,66.289,43.941
1998M1,50.933,54.072,57.076,72.659,71.298,88.744,51.913,72.571,71.974,34.172,43.940,24.729,43.052,49.867,42.048,36.334,62.779,43.747
1998M2,50.351,53.351,57.167,72.173,70.754,88.949,52.309,72.563,75.199,34.313,43.211,25.710,42.790,51.166,40.491,34.031,61.995,44.628
1998M3,49.654,52.589,57.309,72.311,71.403,83.049,52.255,72.551,74.172,34.401,43.543,25.562,43.047,54.732,38.582,31.902,61.388,43.500
1998M4,50.698,53.640,58.660,74.225,73.512,82.654,52.343,74.161,73.728,35.156,43.843,26.758,43.615,58.511,39.181,32.288,62.634,43.474
1998M5,50.508,53.512,58.276,74.364,73.883,80.043,51.049,74.182,72.956,33.977,42.342,25.889,42.084,60.271,39.272,33.690,58.917,43.049
1998M6,48.340,51.158,56.473,72.126,71.865,75.206,49.428,72.098,71.911,32.577,40.491,24.926,39.970,58.735,36.577,30.355,58.753,42.616
1998M7,47.398,50.108,54.767,69.168,68.944,71.809,48.751,69.234,69.681,32.676,40.432,25.177,40.135,56.473,36.740,30.999,57.754,42.011
1998M8,45.958,48.583,53.353,67.081,66.530,73.599,48.294,67.423,69.738,31.930,39.771,24.349,39.345,54.283,35.261,30.542,53.260,39.106
1998M9,46.757,49.427,52.917,65.955,65.507,71.246,48.846,66.590,70.887,32.212,40.086,24.600,39.541,52.442,37.846,32.802,55.036,39.842
1998M10,46.443,49.018,53.264,67.371,67.147,70.016,47.358,67.594,69.109,31.729,38.712,24.979,38.231,50.790,36.578,30.605,52.740,39.577
1998M11,45.830,48.353,53.579,68.277,68.043,71.042,47.184,68.285,68.334,31.694,38.777,24.847,38.297,48.502,34.622,27.707,54.711,39.345
1998M12,43.589,45.877,52.346,66.542,66.139,71.306,46.110,66.774,68.342,30.919,37.273,24.776,37.026,46.848,30.923,24.093,49.481,39.345
1999M1,44.428,46.854,52.616,67.237,67.004,69.992,45.896,67.566,69.792,30.420,36.398,24.641,36.432,46.834,32.585,26.140,50.205,39.190
1999M2,42.667,44.887,50.415,62.449,62.091,66.673,46.231,63.378,69.662,30.844,36.918,24.973,37.153,49.285,31.458,25.242,48.976,39.097
1999M3,43.637,45.980,49.620,60.608,60.298,64.271,46.765,61.892,70.579,30.938,37.300,24.787,37.415,50.389,34.982,30.594,49.125,38.064
1999M4,46.336,49.017,50.212,61.526,61.554,61.190,47.484,62.541,69.408,31.502,38.770,24.475,38.668,50.297,40.729,37.660,53.014,38.064
1999M5,47.203,50.034,50.769,62.134,62.218,61.130,48.930,63.331,71.431,31.862,39.987,24.007,39.689,48.959,42.046,38.767,56.538,38.064
1999M6,46.676,49.589,49.412,60.446,60.479,60.056,48.150,61.821,71.123,30.805,39.018,22.865,38.788,46.795,42.720,39.308,57.950,38.219
1999M7,48.199,51.326,48.820,58.557,58.804,55.638,49.917,60.040,70.074,32.060,41.905,22.542,41.357,45.705,47.300,45.405,58.471,37.078
1999M8,50.452,53.831,49.796,60.012,60.471,54.596,50.766,61.294,69.962,32.706,43.136,22.622,42.512,45.572,51.401,48.046,66.286,36.582
1999M9,52.447,55.985,50.774,60.547,61.125,53.718,52.892,62.026,72.033,34.107,45.284,23.300,44.565,45.950,54.867,52.726,65.151,36.085
1999M10,53.201,56.404,51.497,60.430,60.768,56.430,53.063,62.065,73.128,35.857,45.088,26.932,44.720,46.797,55.667,51.798,70.133,35.728
1999M11,53.974,57.423,51.155,59.965,59.847,61.364,53.529,61.633,72.918,35.599,45.822,25.714,45.393,47.087,58.051,57.073,65.857,36.148
1999M12,54.697,58.320,51.432,60.304,60.138,62.258,54.230,61.849,72.299,35.903,47.048,25.128,46.606,48.169,59.419,59.062,66.926,35.434
2000M1,56.262,60.053,52.005,60.534,60.989,55.150,55.493,61.916,71.264,37.073,49.224,25.326,48.650,50.772,62.420,59.622,75.874,35.589
2000M2,58.733,62.661,53.286,60.979,61.738,52.011,57.247,62.757,74.785,38.701,50.276,27.510,50.581,55.862,66.611,65.421,79.458,36.241
2000M3,59.183,63.278,53.624,61.982,62.852,51.698,57.244,63.782,75.959,37.964,49.806,26.515,50.076,56.591,67.225,66.344,82.778,36.846
2000M4,57.155,61.087,54.216,64.383,65.621,49.753,55.618,65.807,75.442,36.529,47.739,25.691,47.952,55.443,61.406,56.789,88.165,37.265
2000M5,60.104,64.396,53.982,63.525,64.699,49.646,56.710,65.179,76.366,37.035,48.897,25.566,49.055,53.506,68.960,67.347,93.338,38.484
2000M6,62.022,66.449,52.705,61.352,62.510,47.671,54.832,63.129,75.145,36.530,46.759,26.640,47.560,57.012,75.499,72.153,105.178,39.221
2000M7,60.546,64.843,51.907,59.600,60.618,47.571,54.803,61.400,73.574,36.786,47.342,26.581,48.292,60.479,73.042,68.972,104.951,39.221
2000M8,61.452,65.917,51.008,58.376,59.573,44.223,54.080,60.010,71.061,36.668,47.331,26.359,48.542,59.170,76.559,72.866,111.379,39.221
2000M9,64.278,69.071,51.251,57.921,59.069,44.349,56.106,59.826,72.717,37.662,49.504,26.213,50.397,58.178,83.122,80.359,120.135,40.327
2000M10,63.568,68.313,50.385,57.559,58.765,43.309,53.716,59.356,71.512,36.116,46.642,25.940,47.835,58.253,82.636,79.171,123.775,41.243
2000M11,64.648,69.549,50.474,58.031,59.457,41.177,53.204,59.984,73.199,35.400,45.257,25.870,46.775,58.186,85.151,81.703,130.201,39.683
2000M12,65.158,70.069,52.044,60.984,62.822,39.264,52.641,61.928,68.309,36.463,46.414,26.843,48.365,59.049,84.126,63.259,174.932,48.872
2001M1,64.684,69.596,51.897,59.624,61.252,40.384,53.381,61.146,71.443,36.423,46.202,26.969,48.679,69.093,83.181,64.558,163.932,50.029
2001M2,61.740,66.349,51.247,58.872,60.297,42.025,52.731,60.430,70.970,35.750,45.481,26.341,47.680,69.939,76.917,68.241,127.440,49.563
2001M3,59.800,64.182,51.116,60.136,61.754,41.011,50.660,61.074,67.421,34.589,43.998,25.491,45.520,68.051,72.362,63.399,123.292,50.813
2001M4,60.161,64.608,51.026,60.402,62.183,39.354,50.784,61.496,68.901,34.118,43.583,24.968,44.844,63.223,73.376,65.631,123.393,51.478
2001M5,60.748,65.154,51.753,61.805,63.669,39.781,51.452,62.599,67.967,35.145,44.887,25.726,45.939,53.586,73.758,70.735,110.903,51.087
2001M6,59.194,63.442,50.926,61.422,63.445,37.505,50.333,62.342,68.563,34.032,43.087,25.278,44.048,45.862,71.154,69.921,105.363,51.158
2001M7,56.665,60.652,50.927,62.734,64.995,36.009,48.228,63.183,66.219,32.644,41.077,24.492,41.712,47.206,64.967,64.281,93.127,50.919
2001M8,56.844,60.810,50.444,62.633,64.858,36.345,46.872,62.913,64.802,31.840,39.745,24.198,39.962,46.718,66.103,65.642,89.649,50.621
2001M9,54.678,58.286,49.118,60.356,62.502,34.987,45.518,60.711,63.115,31.698,38.524,25.100,38.903,47.125,62.719,63.120,78.986,49.061
2001M10,51.003,54.215,47.941,59.103,61.226,34.017,43.777,59.231,60.098,30.740,37.289,24.409,37.313,48.805,55.431,52.573,78.684,48.753
2001M11,48.735,51.736,47.538,57.953,59.842,35.632,44.944,58.346,61.003,31.120,38.561,23.926,38.329,47.799,50.466,47.766,74.010,45.425
2001M12,48.437,51.417,47.554,57.706,59.491,36.609,45.177,58.062,60.474,31.593,39.096,24.338,39.271,47.782,49.715,47.551,73.541,43.147
2002M1,49.080,52.086,48.733,59.322,61.176,37.409,46.238,59.528,60.919,32.483,40.403,24.827,40.548,47.208,49.583,49.578,67.559,43.814
2002M2,50.002,52.983,49.125,59.412,61.102,39.437,47.030,59.900,63.198,32.999,40.603,25.648,40.556,46.504,51.270,52.031,68.574,43.767
2002M3,54.367,57.853,50.740,62.191,63.719,44.134,47.717,62.189,62.178,33.726,41.968,25.758,41.951,46.480,59.614,61.339,78.441,43.087
2002M4,56.048,59.646,50.776,61.896,63.437,43.680,47.953,62.033,62.959,34.094,41.988,26.462,42.057,46.059,63.674,65.635,83.682,41.401
2002M5,56.172,59.677,50.438,60.950,62.587,41.597,47.691,61.258,63.343,34.247,41.470,27.263,41.568,47.771,64.466,65.234,86.367,40.413
2002M6,55.126,58.452,50.738,60.251,61.834,41.538,49.266,61.067,66.593,34.962,42.379,27.791,42.428,51.991,61.473,61.089,83.031,37.937
2002M7,56.637,60.206,51.750,62.289,63.887,43.404,49.745,63.220,69.520,34.357,41.884,27.079,41.844,51.653,63.707,62.780,85.094,35.407
2002M8,56.912,60.538,51.496,62.264,63.806,44.039,48.902,63.387,70.978,33.361,40.128,26.818,40.238,52.653,64.745,65.719,80.838,33.617
2002M9,59.143,62.942,52.287,63.141,64.339,48.980,49.771,64.550,74.080,33.699,40.108,27.503,40.277,52.105,69.060,69.385,87.655,35.358
2002M10,60.336,64.293,53.523,65.636,66.914,50.533,49.881,66.666,73.634,33.768,40.439,27.318,40.568,51.320,70.190,67.745,97.891,39.956
2002M11,58.284,61.974,53.296,64.429,65.671,49.745,51.141,65.593,73.466,34.773,42.268,27.526,42.134,51.718,65.499,60.397,97.121,39.592
2002M12,61.612,65.573,53.986,65.416,66.695,50.301,51.298,66.508,73.890,35.153,42.317,28.226,42.070,52.046,72.642,67.454,106.144,39.592
2003M1,65.608,69.796,55.319,65.906,66.957,53.491,53.441,67.183,75.819,37.260,44.546,30.216,44.273,56.035,80.490,72.888,119.610,40.348
2003M2,70.730,75.478,56.190,66.616,67.640,54.513,54.591,67.876,76.402,38.087,45.921,30.514,45.633,60.633,91.762,77.813,153.068,40.376
2003M3,66.237,70.644,55.720,66.113,67.494,49.792,53.922,67.385,75.989,36.951,45.151,29.023,44.771,68.495,81.450,71.806,128.151,37.148
2003M4,62.205,66.268,55.795,67.313,68.785,49.908,53.276,68.627,77.515,35.532,43.642,27.691,43.005,65.282,71.477,60.684,121.176,36.422
2003M5,63.332,67.274,56.257,67.350,68.980,48.091,53.768,68.318,74.865,37.476,45.383,29.832,44.741,62.031,73.565,60.031,126.965,35.973
2003M6,64.597,68.676,56.158,66.591,68.421,44.969,54.905,67.848,76.351,38.002,46.380,29.903,45.649,61.158,76.805,63.936,126.430,39.185
2003M7,63.580,67.591,55.105,64.198,65.764,45.693,55.486,65.824,76.820,38.191,47.006,29.668,46.335,62.899,75.838,66.277,115.802,41.511
2003M8,64.723,68.785,55.682,64.587,66.161,45.986,56.464,66.269,77.651,39.086,48.043,30.427,47.388,62.058,77.800,69.461,115.611,42.789
2003M9,64.731,68.620,59.268,70.376,72.328,47.310,57.418,71.516,79.225,40.238,48.750,32.008,48.228,64.614,72.635,62.538,111.533,46.906
2003M10,67.698,71.922,61.689,73.374,75.768,45.077,60.764,74.619,83.039,41.794,51.910,32.013,51.044,65.010,76.389,65.681,111.137,49.497
2003M11,67.643,71.762,61.444,71.255,73.489,44.858,62.839,72.826,83.453,43.607,54.645,32.935,53.611,68.232,76.610,65.810,110.265,53.282
2003M12,70.798,75.119,62.362,70.932,72.943,47.159,65.547,72.289,81.470,46.637,59.218,34.473,57.987,70.281,83.001,66.156,132.265,56.018
2004M1,73.376,77.927,64.479,72.426,74.314,50.110,69.866,73.888,83.777,49.635,64.337,35.422,62.968,71.254,86.245,68.048,131.246,60.874
2004M2,73.121,77.724,65.381,72.915,74.916,49.271,72.820,74.566,85.734,51.018,67.687,34.903,66.046,70.480,84.317,67.848,121.161,64.708
2004M3,75.895,80.795,67.689,77.427,79.888,48.338,72.647,78.445,85.335,51.352,67.604,35.640,66.533,67.911,87.764,74.058,121.828,70.396
2004M4,76.887,81.931,68.042,78.855,81.598,46.431,71.596,79.655,85.070,50.551,66.240,35.383,65.306,66.517,89.682,74.826,127.727,77.379
2004M5,80.034,85.611,67.344,79.467,82.236,46.739,69.587,80.560,87.957,47.459,62.286,33.124,60.975,65.360,98.391,83.738,135.881,83.939
2004M6,78.499,83.824,66.321,75.904,78.183,48.962,71.711,77.363,87.236,49.327,65.540,33.652,63.797,69.216,96.114,78.646,136.811,94.070
2004M7,79.785,85.204,65.593,73.236,75.409,47.563,73.004,74.721,84.761,50.966,68.331,34.177,66.391,74.900,100.314,83.296,134.223,100.084
2004M8,81.090,86.634,63.658,69.793,71.567,48.817,71.592,71.657,84.271,50.303,66.553,34.593,65.036,78.195,106.306,93.069,127.933,94.675
2004M9,80.725,86.184,64.202,70.544,72.306,49.723,71.957,72.296,84.150,50.692,67.111,34.819,65.430,78.875,104.624,91.876,127.135,89.676
2004M10,86.512,92.489,64.720,69.685,71.639,46.588,74.016,71.486,83.675,52.866,70.177,36.129,68.378,83.668,118.034,102.440,148.381,89.613
2004M11,83.853,89.357,66.035,71.769,73.557,50.633,73.471,73.003,81.351,53.706,70.339,37.626,68.673,87.002,109.626,90.040,147.074,87.533
2004M12,82.704,88.054,67.781,75.697,77.439,55.116,72.794,76.046,78.404,53.786,70.564,37.565,68.642,85.154,104.289,82.106,150.563,82.077
2005M1,85.697,91.549,69.112,75.828,77.483,56.261,78.987,76.640,82.136,56.592,77.735,36.151,74.886,82.235,109.687,91.408,147.100,80.457
2005M2,87.738,93.827,71.077,78.696,80.080,62.342,80.636,79.149,82.210,57.760,80.010,36.248,77.042,83.863,111.837,94.727,148.173,74.331
2005M3,94.680,101.455,73.173,80.419,81.512,67.496,84.094,81.249,86.862,59.695,82.994,37.170,79.832,87.808,125.788,108.135,160.713,74.088
2005M4,94.299,101.077,71.690,78.110,79.313,63.888,82.875,78.995,84.984,59.018,82.037,36.764,78.937,90.648,127.003,108.671,169.704,75.074
2005M5,91.806,98.368,72.018,79.056,80.268,64.736,82.500,79.910,85.685,58.326,81.235,36.179,78.163,92.522,120.428,103.674,161.123,74.831
2005M6,95.730,102.657,70.784,76.024,76.867,66.051,83.018,77.292,85.870,59.031,81.884,36.936,78.868,93.220,131.813,119.081,167.626,77.115
2005M7,98.121,105.374,70.125,75.364,76.507,61.849,82.351,76.864,87.014,58.061,80.498,36.368,77.513,92.070,138.617,126.044,180.436,78.736
2005M8,104.012,111.810,70.191,73.674,74.793,60.452,84.909,75.619,88.776,60.012,83.372,37.428,80.172,93.364,152.933,136.698,206.674,73.445
2005M9,107.882,115.953,70.459,73.481,74.857,57.226,84.815,75.589,89.844,60.444,82.817,38.814,79.779,97.082,162.013,136.433,249.083,70.447
2005M10,107.437,115.333,70.977,73.589,74.898,58.121,85.348,75.762,90.459,61.345,83.316,40.104,80.512,99.282,160.176,130.478,271.524,64.336
2005M11,101.486,108.647,71.252,73.059,74.234,59.173,86.896,75.134,89.174,63.078,85.991,40.926,83.208,98.506,145.218,125.087,227.392,58.938
2005M12,106.436,113.854,73.456,74.155,75.316,60.426,91.383,76.108,89.321,67.526,92.203,43.669,89.087,96.217,154.140,127.722,259.581,61.269
2006M1,108.197,115.454,76.788,76.246,76.903,68.488,97.742,78.381,92.820,72.838,99.699,46.869,96.118,95.097,153.628,139.476,207.696,66.475
2006M2,106.403,113.411,78.321,77.681,78.459,68.488,100.816,80.078,96.293,74.584,102.614,47.486,98.944,91.091,147.024,134.826,194.650,74.357
2006M3,107.091,114.158,78.897,78.244,79.298,65.790,101.678,80.511,95.842,75.529,103.998,48.004,100.516,89.860,147.874,137.274,186.109,80.268
2006M4,115.929,123.510,84.333,81.181,82.473,65.910,112.837,83.134,96.346,85.594,119.391,52.919,115.251,91.001,161.632,151.890,193.194,83.211
2006M5,120.097,127.563,91.868,86.725,88.555,65.091,126.778,88.605,101.320,97.011,136.897,58.448,131.706,89.575,160.930,149.626,184.083,78.896
2006M6,117.404,125.283,87.458,84.404,86.102,64.338,120.493,87.060,105.026,88.428,126.641,51.483,121.316,83.078,160.720,149.832,184.010,79.505
2006M7,121.862,129.905,89.769,83.823,85.226,67.241,127.983,86.374,103.634,95.346,137.661,54.437,131.396,84.685,168.282,158.949,185.011,80.895
2006M8,122.527,130.655,90.095,82.355,83.373,70.321,131.409,84.974,102.694,98.040,142.823,54.744,136.339,87.988,169.439,156.598,197.215,81.353
2006M9,112.807,120.148,89.151,82.093,83.158,69.507,130.348,84.248,98.826,96.637,142.877,51.932,136.030,88.580,147.025,136.168,169.377,74.830
2006M10,110.889,118.126,89.857,81.935,83.051,68.743,134.802,84.118,98.885,99.002,149.078,50.588,141.112,84.642,141.312,127.437,179.964,72.578
2006M11,113.510,120.662,91.456,84.015,84.992,72.467,133.352,85.615,96.442,100.443,148.023,54.443,140.994,89.958,145.410,126.575,198.941,71.870
2006M12,115.608,122.980,92.747,84.336,85.123,75.031,136.835,86.364,100.081,102.151,151.444,54.495,143.957,96.079,148.677,131.147,188.899,78.340
2007M1,111.168,118.024,93.919,86.409,87.354,75.243,135.847,88.619,103.568,100.824,148.678,54.558,141.467,107.470,136.117,116.854,186.640,78.935
2007M2,116.976,124.185,96.843,88.087,89.212,74.795,140.498,90.398,106.027,105.047,154.200,57.527,146.931,115.626,146.097,124.718,203.426,79.932
2007M3,119.731,127.342,99.125,87.907,89.105,73.748,148.546,89.956,103.823,110.576,166.323,56.679,157.567,128.476,149.537,130.382,192.311,82.155
2007M4,126.587,134.751,104.765,91.511,92.959,74.408,161.180,93.355,105.828,119.980,183.181,58.877,172.991,129.747,158.152,138.959,196.176,81.839
2007M5,126.980,135.302,104.819,90.892,92.171,75.778,164.094,92.969,107.016,121.251,186.782,57.895,176.099,123.273,159.034,139.333,198.932,80.783
2007M6,127.364,135.833,102.116,91.184,92.106,80.287,154.062,92.796,103.698,114.574,174.080,57.044,164.760,122.183,163.885,146.301,196.213,88.800
2007M7,129.836,138.495,101.763,92.752,93.736,81.118,149.035,93.946,102.024,111.787,167.721,57.710,159.084,123.668,170.442,155.938,179.705,97.307
2007M8,125.613,133.793,98.105,92.179,93.351,78.332,136.612,92.884,97.650,103.891,152.099,57.283,144.796,123.579,165.401,148.699,181.525,99.845
2007M9,131.892,140.355,101.075,95.872,97.029,82.206,137.463,96.893,103.798,105.116,150.844,60.906,143.951,128.561,176.469,161.057,179.125,100.510
2007M10,139.519,148.465,104.406,98.738,99.978,84.079,141.014,99.405,103.915,109.444,155.760,64.666,149.062,134.826,190.310,170.510,196.671,112.179
2007M11,147.881,157.304,105.282,99.935,101.495,81.495,137.150,100.836,106.934,108.293,149.161,68.783,143.635,149.825,209.498,186.788,203.231,134.117
2007M12,147.885,157.336,106.277,104.958,106.755,83.717,129.788,105.122,106.230,103.259,139.152,68.557,134.727,163.191,208.069,184.683,206.938,144.071
2008M1,154.725,164.167,113.248,108.095,109.709,89.021,143.696,108.400,110.466,115.585,156.905,75.638,151.425,173.092,214.721,185.818,232.449,147.735
2008M2,161.639,171.567,119.463,113.944,114.929,102.311,150.668,113.863,113.315,122.276,165.514,80.472,161.407,187.259,222.645,190.646,241.094,189.108
2008M3,171.699,182.347,125.254,119.211,120.607,102.706,157.513,118.667,114.991,128.713,174.414,84.528,170.060,203.224,238.879,202.052,252.132,186.013
2008M4,178.124,190.031,124.468,119.036,120.865,97.424,155.289,118.439,114.397,124.705,171.542,79.423,166.617,230.762,255.736,215.497,278.706,177.866
2008M5,190.167,203.628,125.341,121.069,123.036,97.827,149.585,120.491,116.580,119.632,162.704,77.990,158.805,281.232,283.937,245.104,296.926,192.465
2008M6,199.758,214.296,126.187,123.785,125.529,103.172,146.086,123.080,118.312,116.911,157.126,78.031,153.830,293.074,306.178,263.486,320.373,227.106
2008M7,202.959,217.404,127.290,123.228,124.865,103.882,145.833,122.886,120.571,117.966,155.874,81.316,152.480,318.247,312.413,264.613,321.278,268.893
2008M8,181.217,194.115,118.913,114.256,115.191,103.210,137.308,114.381,115.224,107.922,146.085,71.025,140.840,332.074,271.339,234.581,282.189,245.243
2008M9,165.993,177.250,112.729,106.578,107.253,98.597,131.041,107.452,113.365,102.608,138.066,68.328,131.820,329.003,243.037,208.162,268.337,234.965
2008M10,135.768,143.818,97.479,93.650,94.471,83.942,107.971,94.578,100.858,87.314,110.798,64.609,105.668,271.258,191.153,155.618,271.676,174.592
2008M11,115.215,121.354,89.397,88.225,88.769,81.793,97.873,89.316,96.699,79.347,98.339,60.986,94.223,210.772,152.560,117.931,253.002,144.491
2008M12,102.655,106.872,87.317,87.797,88.365,81.083,92.495,87.901,88.602,79.216,94.043,64.882,90.409,173.391,124.841,87.287,233.787,117.793
2009M1,105.602,109.767,90.360,89.483,89.714,86.748,96.264,89.815,92.058,83.062,97.936,68.682,94.605,187.295,127.650,93.864,219.671,120.314
2009M2,101.864,104.840,89.792,85.871,85.860,86.004,94.659,86.282,89.060,86.138,96.884,75.748,94.696,196.923,119.326,91.375,197.180,113.620
2009M3,101.845,104.990,89.046,86.879,87.225,82.793,90.827,86.761,85.964,83.471,92.759,74.490,91.096,196.919,120.358,102.365,168.762,92.062
2009M4,104.096,107.805,92.282,92.897,93.587,84.751,95.659,92.439,89.336,85.023,98.172,72.311,96.111,176.042,121.185,109.582,141.580,95.878
2009M5,112.616,116.941,96.936,98.897,99.900,87.050,101.135,98.243,93.814,89.478,104.045,75.395,101.678,162.262,135.298,124.152,147.517,92.678
2009M6,121.697,126.895,98.699,97.543,98.328,88.268,109.441,96.949,92.930,96.281,116.004,77.214,112.880,159.220,154.963,145.271,147.903,100.765
2009M7,117.232,122.028,98.495,94.180,94.618,88.998,116.472,94.065,93.292,100.309,125.685,75.775,120.905,157.027,144.335,135.316,133.284,102.484
2009M8,123.843,129.249,101.744,92.925,92.999,92.059,132.281,93.573,97.950,111.189,145.927,77.604,139.602,136.958,155.808,148.974,127.299,105.352
2009M9,120.240,124.812,99.650,91.580,91.220,95.838,124.222,92.479,98.560,107.694,134.423,81.853,130.223,133.469,150.024,140.530,125.569,99.876
2009M10,127.660,132.649,103.011,94.178,93.851,98.035,129.513,95.139,101.640,112.685,140.592,85.706,136.233,130.090,163.314,151.232,142.079,103.671
2009M11,132.478,137.252,107.278,96.261,96.188,97.126,136.643,97.602,106.672,119.899,148.556,92.194,143.848,131.823,168.930,157.294,136.918,110.010
2009M12,135.061,140.057,110.341,97.805,97.583,100.434,143.623,99.612,111.838,124.047,156.256,92.907,150.851,141.002,170.819,153.711,161.898,116.632
2010M1,140.843,146.645,113.721,98.448,98.386,99.181,155.536,100.575,114.963,131.404,171.663,92.481,165.242,140.697,180.073,160.031,177.861,138.317
2010M2,137.586,143.224,112.470,98.304,98.464,96.420,152.493,100.484,115.227,128.041,167.305,90.081,160.621,143.644,173.917,157.628,169.575,134.279
2010M3,142.178,148.173,117.495,100.953,101.411,95.546,165.227,103.440,120.259,136.888,183.101,92.209,175.460,140.515,177.882,168.419,156.592,135.874
2010M4,150.050,156.615,124.493,103.474,103.838,99.173,184.915,106.617,127.879,150.719,207.585,95.741,198.186,135.145,187.016,179.925,159.722,144.400
2010M5,141.473,146.554,119.681,100.862,101.080,98.286,169.620,104.075,125.811,142.454,187.033,99.355,179.562,130.436,172.995,165.692,160.590,147.423
2010M6,138.471,142.963,114.892,97.492,96.940,104.013,157.656,101.061,125.206,135.144,170.554,100.910,164.560,123.599,172.578,165.139,167.511,146.480
2010M7,138.646,143.520,115.731,102.972,102.491,108.665,151.996,105.330,121.277,130.441,164.206,97.797,158.643,128.500,171.792,160.711,167.558,143.541
2010M8,142.483,147.584,121.291,105.249,104.835,110.150,165.726,107.664,123.996,140.326,182.313,99.734,175.041,140.842,173.136,162.188,162.979,137.294
2010M9,145.090,149.985,125.817,109.998,109.984,110.154,169.148,112.587,130.106,144.038,184.666,104.758,178.180,147.894,172.967,161.720,157.334,138.167
2010M10,152.933,158.072,132.250,114.093,114.381,110.691,179.762,117.469,140.305,152.667,195.446,111.308,189.185,156.203,182.850,168.870,154.738,144.904
2010M11,158.207,163.691,136.227,115.925,115.997,115.086,187.754,120.294,149.846,158.030,202.822,114.725,197.080,164.498,190.001,175.614,161.172,160.575
2010M12,167.185,173.497,143.141,122.961,123.298,118.970,198.182,127.731,159.999,164.616,213.359,117.491,207.652,165.851,201.965,190.299,168.212,177.968
2011M1,173.311,180.625,147.988,127.064,126.974,128.130,209.963,132.850,171.987,169.207,225.057,115.211,218.169,168.842,209.939,194.386,178.881,195.962
2011M2,179.831,187.735,153.587,131.352,130.776,138.161,221.183,138.546,187.205,175.069,234.688,117.429,227.712,169.554,217.792,202.935,177.990,187.408
2011M3,185.769,193.880,151.203,130.356,129.482,140.683,210.775,137.273,184.067,170.993,221.391,122.267,217.019,167.228,235.768,223.069,177.532,191.072
2011M4,195.128,203.847,155.419,134.148,133.731,139.076,215.449,140.892,186.514,176.627,226.949,127.976,223.984,165.332,252.566,236.046,198.014,190.100
2011M5,188.037,195.622,151.595,131.466,130.865,138.574,204.140,136.151,167.841,172.843,218.568,128.635,214.766,177.640,240.750,219.714,204.989,184.760
2011M6,186.244,193.461,150.541,129.345,128.959,133.917,200.947,134.277,167.634,171.211,214.188,129.660,210.634,198.341,237.887,214.774,210.245,183.596
2011M7,188.779,195.882,151.549,128.421,128.074,132.524,202.723,132.713,161.744,175.546,219.011,133.525,215.616,206.170,242.632,219.516,217.897,182.271
2011M8,184.371,189.317,152.324,127.871,127.414,133.280,196.136,131.103,152.964,179.729,213.296,147.277,211.328,209.455,230.727,203.032,218.596,182.623
2011M9,182.298,186.864,147.889,122.025,121.323,130.313,190.250,125.622,149.956,176.259,206.266,147.247,204.012,212.450,232.069,208.897,216.763,182.794
2011M10,175.729,180.518,138.798,118.600,118.408,120.874,171.249,121.641,142.207,159.237,182.793,136.464,180.134,205.486,229.149,206.156,219.251,177.134
2011M11,178.093,182.482,137.576,118.363,118.248,119.727,162.939,120.138,132.145,158.471,175.180,142.316,173.969,203.914,236.700,218.329,215.851,168.935
2011M12,174.838,179.643,133.842,115.470,115.355,116.828,161.585,117.096,128.099,154.521,174.894,134.824,172.440,190.235,234.137,218.880,215.905,165.009
2012M1,177.687,182.780,136.931,117.925,118.092,115.957,168.930,119.866,132.992,158.932,183.215,135.454,180.170,183.333,236.640,225.892,208.451,170.125
2012M2,183.112,188.035,140.759,120.041,120.537,114.187,173.190,122.323,137.758,165.004,187.274,143.473,185.549,185.183,244.375,236.121,201.942,170.876
2012M3,187.285,193.305,141.623,122.282,123.284,110.444,172.913,124.011,135.707,162.501,187.701,138.138,185.483,211.309,253.335,248.161,207.262,161.719
2012M4,184.245,190.135,141.249,121.061,122.225,107.300,171.854,122.962,135.822,160.463,186.175,135.604,183.332,243.026,246.437,239.280,210.000,157.245
2012M5,173.355,178.598,135.337,115.876,116.559,107.797,163.820,118.055,132.795,152.436,176.151,129.508,172.996,244.152,228.346,220.831,210.917,146.914
2012M6,162.085,165.951,132.336,115.721,116.773,103.296,156.910,116.791,124.025,149.630,169.980,129.955,167.196,207.379,205.115,194.356,215.890,132.149
2012M7,167.371,171.861,134.496,122.554,123.761,108.290,154.089,122.640,123.220,147.540,166.359,129.346,163.597,193.461,214.924,208.466,212.227,132.838
2012M8,172.027,176.753,133.069,123.665,125.068,107.088,144.494,123.200,120.050,143.035,154.210,132.231,153.369,192.790,228.380,225.861,207.681,135.881
2012M9,173.756,177.604,134.644,121.405,122.518,108.246,147.149,121.552,122.553,149.898,156.925,143.104,158.110,189.625,230.329,224.393,209.340,133.297
2012M10,172.181,175.828,135.230,120.530,121.813,105.370,151.496,120.909,123.476,152.696,162.633,143.088,163.005,186.044,225.631,217.891,210.365,126.186
2012M11,169.861,173.480,133.827,119.365,120.927,100.903,151.291,119.783,122.608,151.618,162.692,140.912,162.732,175.783,221.983,214.738,211.877,129.059
2012M12,170.679,174.686,135.204,119.406,121.176,98.485,158.317,120.031,124.259,154.936,171.855,138.579,170.844,174.426,221.993,213.424,212.277,137.710
2013M1,174.860,179.499,137.950,120.809,122.692,98.550,167.262,121.558,126.626,160.006,183.414,137.376,181.153,171.506,228.249,222.008,211.424,136.226
2013M2,176.402,181.608,137.453,120.225,122.145,97.536,168.512,120.841,125.005,159.649,185.805,134.361,183.316,173.327,232.740,228.805,210.961,137.720
2013M3,171.813,176.815,134.241,120.463,122.418,97.359,158.758,120.923,124.034,151.467,172.560,131.074,170.766,169.805,226.160,221.554,220.004,133.445
2013M4,168.501,174.105,132.236,122.485,124.730,95.957,154.441,122.607,123.432,143.862,166.766,121.718,163.994,167.815,220.958,213.313,224.217,130.092
2013M5,167.459,173.594,130.894,125.144,127.634,95.725,150.035,125.369,126.885,137.218,159.237,115.930,156.614,155.458,220.349,215.012,217.333,129.875
2013M6,165.085,171.596,127.131,123.113,125.984,89.187,144.348,123.300,124.564,130.793,152.212,110.085,149.602,152.788,219.983,213.779,217.092,124.110
2013M7,167.254,174.515,125.934,122.112,124.726,91.214,145.452,121.726,119.120,130.337,155.918,105.606,152.382,149.553,227.023,226.912,208.628,115.159
2013M8,169.900,176.913,126.806,119.076,121.410,91.489,150.925,119.149,119.642,136.753,163.359,111.030,160.075,146.721,232.234,230.852,205.964,115.319
2013M9,169.235,176.157,124.228,115.388,117.606,89.176,149.044,115.894,119.311,135.566,160.863,111.109,157.818,139.818,234.336,231.745,208.491,116.281
2013M10,166.459,173.363,122.950,114.298,116.520,88.038,149.074,114.874,118.764,134.363,161.121,108.494,157.755,132.966,229.394,222.316,206.730,124.410
2013M11,164.738,171.813,122.775,115.089,117.544,86.071,149.215,115.538,118.575,132.886,161.394,105.324,157.697,133.133,225.437,217.609,207.318,127.656
2013M12,168.341,176.281,123.307,116.705,118.868,91.142,150.677,117.287,121.220,131.210,162.385,101.070,157.932,137.995,233.482,222.568,220.202,129.526
2014M1,167.175,174.806,123.743,117.365,119.517,91.936,147.819,117.526,118.611,130.664,159.428,102.854,155.688,153.714,229.997,216.112,225.956,127.052
2014M2,171.413,179.015,125.925,121.165,122.571,104.548,144.708,120.809,118.402,130.708,155.165,107.062,152.128,161.477,237.209,220.880,243.434,119.466
2014M3,170.246,177.398,129.124,128.514,129.600,115.682,140.427,127.601,121.420,128.593,147.982,109.848,146.030,163.017,229.728,218.154,226.909,114.785
2014M4,171.529,179.162,130.533,131.340,132.554,116.996,143.177,129.699,118.596,129.535,152.948,106.900,150.136,157.526,230.829,219.945,223.768,114.577
2014M5,169.249,176.729,126.340,126.091,127.146,113.627,139.708,124.888,116.751,127.149,148.833,106.185,146.564,142.956,231.317,221.712,221.733,115.138
2014M6,169.620,177.218,124.288,123.407,124.480,110.715,137.345,122.607,117.200,125.225,145.352,105.765,143.629,143.529,235.192,228.155,220.161,112.728
2014M7,166.316,173.251,124.682,121.298,122.083,112.016,139.590,120.388,114.233,128.844,149.669,108.711,148.111,152.756,226.539,221.557,203.723,108.290
2014M8,160.831,167.281,121.266,116.588,116.709,115.165,137.520,115.655,109.344,127.569,148.720,107.120,146.774,147.630,218.061,212.788,204.162,108.145
2014M9,155.528,161.897,117.243,113.768,113.723,114.299,131.649,112.869,106.783,121.529,141.533,102.189,139.554,145.286,210.907,207.608,202.378,103.491
2014M10,146.846,152.379,114.925,113.290,112.882,118.111,126.427,112.207,104.883,117.171,134.989,99.945,132.731,137.310,193.018,188.066,198.327,100.276
2014M11,139.706,144.851,112.915,111.570,111.508,112.295,125.038,110.796,105.561,114.130,132.780,96.099,130.222,136.789,178.457,170.229,206.292,99.001
2014M12,126.343,129.741,110.989,109.543,109.575,109.161,119.964,108.970,105.090,111.774,125.876,98.140,124.278,138.155,148.554,134.861,199.795,98.836
2015M1,114.747,116.383,109.261,106.502,106.421,107.451,115.766,106.236,104.441,110.951,120.268,101.943,119.579,143.837,122.682,108.343,181.970,92.888
2015M2,118.117,120.358,106.575,103.723,103.436,107.117,112.895,103.961,105.566,107.748,115.809,99.954,115.383,139.898,134.811,126.228,175.043,99.393
2015M3,114.131,116.362,103.572,100.970,100.972,100.938,110.260,101.204,102.786,104.521,113.230,96.101,112.692,135.132,129.405,123.821,167.064,95.975
2015M4,115.427,117.630,104.399,102.875,102.993,101.475,109.024,103.003,103.868,104.150,111.073,97.457,110.772,132.650,131.379,134.673,140.461,89.953
2015M5,119.242,121.865,105.959,102.654,102.745,101.582,113.790,103.043,105.674,107.207,117.016,97.724,116.227,143.843,138.455,144.433,134.899,95.929
2015M6,117.115,119.657,104.665,102.744,102.514,105.462,109.543,102.835,103.450,103.757,111.965,95.821,111.124,148.630,135.124,141.632,132.318,92.303
2015M7,110.481,112.739,101.373,102.998,102.817,105.144,101.336,102.531,99.372,96.571,102.117,91.209,101.461,137.699,123.655,126.587,130.759,90.269
2015M8,103.249,104.803,98.963,100.039,99.719,103.816,99.683,99.666,97.143,95.240,100.692,89.969,99.868,130.648,109.450,105.847,133.473,87.285
2015M9,102.743,104.175,97.713,97.922,97.662,100.985,99.125,97.540,94.958,95.493,100.782,90.380,99.869,127.333,110.018,106.800,129.936,84.026
2015M10,102.167,103.219,97.082,96.752,96.281,102.325,97.182,96.518,94.936,95.773,98.074,93.547,98.125,122.924,109.521,108.349,123.448,79.575
2015M11,96.157,97.197,92.361,93.236,92.524,101.660,91.345,93.359,94.191,88.639,90.214,87.117,89.988,118.702,101.648,101.211,114.827,82.382
2015M12,90.648,91.222,90.782,92.643,91.971,100.587,88.243,92.799,93.851,85.780,86.014,85.554,85.947,113.959,90.453,85.533,115.683,78.561
2016M1,85.394,85.110,90.832,92.686,92.578,93.968,87.712,92.840,93.882,86.330,85.259,87.366,85.056,108.180,77.528,70.151,107.300,77.446
2016M2,87.387,86.399,93.781,93.620,93.688,92.807,90.702,93.691,94.175,92.312,89.322,95.203,89.233,112.920,78.139,72.264,98.654,79.015
2016M3,93.653,92.953,97.932,97.125,97.242,95.748,96.516,96.916,95.498,97.996,96.920,99.036,96.505,115.555,87.463,86.755,90.003,81.128
2016M4,96.662,96.340,99.706,99.425,99.722,95.920,99.375,99.518,100.149,99.113,99.067,99.157,98.789,110.179,92.260,93.788,86.167,80.031
2016M5,100.537,100.498,99.946,101.008,101.280,97.792,97.250,100.984,100.825,98.326,95.829,100.739,96.256,100.467,101.393,105.650,86.763,80.388
2016M6,103.146,103.248,100.887,103.189,103.351,101.272,96.635,102.870,100.713,98.436,95.014,101.744,95.353,94.220,106.415,109.862,96.981,85.189
2016M7,102.820,102.333,103.391,103.840,103.854,103.677,101.092,103.698,102.732,104.150,100.441,107.736,101.742,88.777,101.995,103.171,100.905,94.610
2016M8,103.252,102.780,102.897,102.006,101.932,102.887,102.013,101.933,101.438,105.303,102.241,108.262,103.582,91.651,103.766,103.943,103.120,102.077
2016M9,103.325,102.997,102.046,101.888,101.592,105.384,100.398,101.823,101.383,103.421,100.007,106.721,101.155,89.672,105.175,104.458,104.933,106.874
2016M10,106.727,107.323,101.142,101.591,101.213,106.060,101.007,101.476,100.699,101.338,101.130,101.540,101.240,92.768,114.806,115.851,105.699,133.551
2016M11,105.534,106.272,103.825,101.843,101.513,105.734,111.672,101.954,102.704,107.214,115.236,99.459,113.849,97.265,108.005,107.406,100.292,149.039
2016M12,111.562,113.748,103.617,101.778,102.034,98.752,115.628,102.297,105.804,106.061,119.533,93.036,117.241,98.344,123.054,126.701,119.183,130.651
2017M1,115.975,118.287,107.435,106.425,106.763,102.437,118.061,106.852,109.739,108.702,121.368,96.456,119.348,102.882,128.327,128.753,132.789,132.045
2017M2,116.514,118.509,109.954,107.001,107.545,100.576,123.831,107.583,111.521,114.135,128.723,100.031,126.470,102.968,126.004,130.134,116.408,125.783
2017M3,110.998,112.398,107.317,103.499,103.901,98.753,121.685,104.049,107.773,113.141,127.214,99.536,124.885,96.979,116.321,121.938,102.447,122.371
2017M4,111.100,112.199,105.351,102.690,103.252,96.045,114.313,103.351,107.825,109.434,116.892,102.224,115.943,92.818,119.417,124.520,105.356,124.292
2017M5,108.883,109.918,104.697,104.495,105.380,94.040,110.609,104.941,107.952,105.833,111.665,100.194,110.765,86.750,114.937,117.836,106.221,113.435
2017M6,105.674,106.208,103.897,103.817,104.626,94.259,107.980,103.744,103.249,105.672,109.860,101.622,109.486,85.506,108.244,108.209,102.248,121.714
2017M7,108.448,109.513,105.965,105.922,106.740,96.255,113.036,105.494,102.592,108.234,117.187,99.577,115.676,87.445,112.039,110.834,103.834,128.169
2017M8,111.279,112.247,106.434,101.305,101.745,96.106,120.119,101.493,102.767,115.072,127.016,103.526,125.059,92.807,118.288,114.853,108.324,140.985
2017M9,114.542,115.584,106.464,100.192,100.756,93.526,119.493,100.536,102.863,115.919,126.103,106.074,124.475,100.951,126.227,120.900,117.562,146.058
2017M10,116.081,117.617,105.905,101.006,101.631,93.621,117.539,100.966,100.698,113.607,124.234,103.334,122.591,103.416,130.799,126.426,122.854,144.499
2017M11,120.826,122.875,106.491,101.338,102.207,91.059,118.953,101.397,101.797,114.586,125.773,103.770,124.181,102.113,141.562,138.154,134.513,144.248
2017M12,122.488,124.915,106.984,100.965,102.161,86.820,122.451,101.377,104.163,115.623,129.720,101.994,127.419,105.396,144.914,140.336,140.637,149.266
2018M1,129.772,132.384,111.548,104.393,105.773,88.083,128.618,105.085,109.771,121.765,136.109,107.898,133.967,106.612,156.132,149.218,155.086,155.444
2018M2,126.949,129.244,112.231,105.254,106.540,90.055,129.529,105.911,110.353,122.037,137.151,107.425,134.468,109.633,148.239,141.805,142.648,152.573
2018M3,126.525,128.834,111.698,106.476,107.672,92.349,125.910,107.006,110.591,119.083,131.999,106.596,129.570,108.501,147.972,143.344,139.087,146.085
2018M4,128.487,130.927,111.718,106.205,107.336,92.838,126.688,106.654,109.692,120.086,133.443,107.172,130.731,103.542,152.743,153.865,124.489,144.060
2018M5,133.294,136.564,112.355,108.147,109.431,92.972,127.106,108.394,110.071,119.119,133.876,104.851,131.036,103.355,163.580,167.078,132.982,157.779
2018M6,132.167,135.505,110.208,103.755,104.999,89.052,127.915,104.630,110.548,118.797,134.818,103.308,131.845,108.700,163.929,165.240,143.584,167.863
2018M7,130.417,133.947,106.319,100.845,102.045,86.654,121.345,101.846,108.618,112.764,126.404,99.577,123.721,110.383,165.273,167.918,140.461,172.735
2018M8,128.197,131.814,103.499,97.125,98.382,82.270,119.260,98.265,105.979,110.312,124.539,96.557,121.701,116.959,163.922,165.282,149.060,164.694
2018M9,132.630,136.774,103.970,98.152,99.601,81.029,118.496,99.008,104.797,109.991,123.941,96.504,121.300,121.937,174.088,174.660,162.716,163.477
2018M10,133.644,137.748,105.902,100.256,101.450,86.152,120.275,100.625,103.123,112.402,127.093,98.198,124.564,123.876,173.771,179.056,154.846,158.980
2018M11,122.093,124.840,103.258,96.052,96.885,86.202,118.519,96.759,101.543,111.819,125.266,98.819,123.150,118.757,149.336,146.292,161.985,147.779
2018M12,116.082,117.905,104.145,98.318,99.681,82.210,116.539,98.743,101.617,111.584,122.471,101.058,120.977,113.173,133.349,126.077,153.359,150.027
2019M1,117.248,118.806,106.149,99.986,101.407,83.191,118.254,100.379,103.040,114.408,124.301,104.843,123.246,112.041,133.302,131.423,133.177,145.338
2019M2,119.362,120.903,107.826,99.017,100.285,84.032,125.372,99.610,103.624,120.508,134.016,107.448,132.445,105.238,136.049,142.528,111.269,135.115
2019M3,,,,,,,,,,,,,,,,,,
2019M4,,,,,,,,,,,,,,,,,,
2019M5,,,,,,,,,,,,,,,,,,
2019M6,,,,,,,,,,,,,,,,,,
2019M7,,,,,,,,,,,,,,,,,,
2019M8,,,,,,,,,,,,,,,,,,
2019M9,,,,,,,,,,,,,,,,,,
2019M10,,,,,,,,,,,,,,,,,,
2019M11,,,,,,,,,,,,,,,,,,
2019M12,,,,,,,,,,,,,,,,,,
2020M1,,,,,,,,,,,,,,,,,,
2020M2,,,,,,,,,,,,,,,,,,
2020M3,,,,,,,,,,,,,,,,,,
2020M4,,,,,,,,,,,,,,,,,,
2020M5,,,,,,,,,,,,,,,,,,
2020M6,,,,,,,,,,,,,,,,,,
2020M7,,,,,,,,,,,,,,,,,,
2020M8,,,,,,,,,,,,,,,,,,
2020M9,,,,,,,,,,,,,,,,,,
2020M10,,,,,,,,,,,,,,,,,,
2020M11,,,,,,,,,,,,,,,,,,
2020M12,,,,,,,,,,,,,,,,,,